[{
  "dateTime" : "03/19/23 00:00:00",
  "value" : "223"
},{
  "dateTime" : "03/20/23 00:00:00",
  "value" : "224"
},{
  "dateTime" : "03/21/23 00:00:00",
  "value" : "249"
},{
  "dateTime" : "03/22/23 00:00:00",
  "value" : "193"
},{
  "dateTime" : "03/23/23 00:00:00",
  "value" : "241"
},{
  "dateTime" : "03/24/23 00:00:00",
  "value" : "215"
},{
  "dateTime" : "03/25/23 00:00:00",
  "value" : "291"
},{
  "dateTime" : "03/26/23 00:00:00",
  "value" : "291"
},{
  "dateTime" : "03/27/23 00:00:00",
  "value" : "184"
},{
  "dateTime" : "03/28/23 00:00:00",
  "value" : "337"
},{
  "dateTime" : "03/29/23 00:00:00",
  "value" : "190"
},{
  "dateTime" : "03/30/23 00:00:00",
  "value" : "190"
},{
  "dateTime" : "03/31/23 00:00:00",
  "value" : "232"
},{
  "dateTime" : "04/01/23 00:00:00",
  "value" : "403"
},{
  "dateTime" : "04/02/23 00:00:00",
  "value" : "236"
},{
  "dateTime" : "04/03/23 00:00:00",
  "value" : "108"
},{
  "dateTime" : "04/04/23 00:00:00",
  "value" : "255"
},{
  "dateTime" : "04/05/23 00:00:00",
  "value" : "175"
},{
  "dateTime" : "04/06/23 00:00:00",
  "value" : "256"
},{
  "dateTime" : "04/07/23 00:00:00",
  "value" : "193"
},{
  "dateTime" : "04/08/23 00:00:00",
  "value" : "492"
},{
  "dateTime" : "04/09/23 00:00:00",
  "value" : "286"
},{
  "dateTime" : "04/10/23 00:00:00",
  "value" : "229"
},{
  "dateTime" : "04/11/23 00:00:00",
  "value" : "372"
},{
  "dateTime" : "04/12/23 00:00:00",
  "value" : "80"
},{
  "dateTime" : "04/13/23 00:00:00",
  "value" : "163"
},{
  "dateTime" : "04/14/23 00:00:00",
  "value" : "188"
},{
  "dateTime" : "04/15/23 00:00:00",
  "value" : "336"
},{
  "dateTime" : "04/16/23 00:00:00",
  "value" : "102"
},{
  "dateTime" : "04/17/23 00:00:00",
  "value" : "233"
}]