[{
  "dateTime" : "02/22/22 00:00:00",
  "value" : "369"
},{
  "dateTime" : "02/23/22 00:00:00",
  "value" : "124"
},{
  "dateTime" : "02/24/22 00:00:00",
  "value" : "270"
},{
  "dateTime" : "02/25/22 00:00:00",
  "value" : "161"
},{
  "dateTime" : "02/26/22 00:00:00",
  "value" : "190"
},{
  "dateTime" : "02/27/22 00:00:00",
  "value" : "160"
},{
  "dateTime" : "02/28/22 00:00:00",
  "value" : "229"
},{
  "dateTime" : "03/01/22 00:00:00",
  "value" : "117"
},{
  "dateTime" : "03/02/22 00:00:00",
  "value" : "114"
},{
  "dateTime" : "03/03/22 00:00:00",
  "value" : "198"
},{
  "dateTime" : "03/04/22 00:00:00",
  "value" : "206"
},{
  "dateTime" : "03/05/22 00:00:00",
  "value" : "345"
},{
  "dateTime" : "03/06/22 00:00:00",
  "value" : "149"
},{
  "dateTime" : "03/07/22 00:00:00",
  "value" : "152"
},{
  "dateTime" : "03/08/22 00:00:00",
  "value" : "136"
},{
  "dateTime" : "03/09/22 00:00:00",
  "value" : "326"
},{
  "dateTime" : "03/10/22 00:00:00",
  "value" : "288"
},{
  "dateTime" : "03/11/22 00:00:00",
  "value" : "200"
},{
  "dateTime" : "03/12/22 00:00:00",
  "value" : "379"
},{
  "dateTime" : "03/13/22 00:00:00",
  "value" : "256"
},{
  "dateTime" : "03/14/22 00:00:00",
  "value" : "422"
},{
  "dateTime" : "03/15/22 00:00:00",
  "value" : "246"
},{
  "dateTime" : "03/16/22 00:00:00",
  "value" : "340"
},{
  "dateTime" : "03/17/22 00:00:00",
  "value" : "148"
},{
  "dateTime" : "03/18/22 00:00:00",
  "value" : "244"
},{
  "dateTime" : "03/19/22 00:00:00",
  "value" : "319"
},{
  "dateTime" : "03/20/22 00:00:00",
  "value" : "296"
},{
  "dateTime" : "03/21/22 00:00:00",
  "value" : "93"
},{
  "dateTime" : "03/22/22 00:00:00",
  "value" : "255"
},{
  "dateTime" : "03/23/22 00:00:00",
  "value" : "110"
}]