[{
  "dateTime" : "04/23/22 00:00:00",
  "value" : "253"
},{
  "dateTime" : "04/24/22 00:00:00",
  "value" : "203"
},{
  "dateTime" : "04/25/22 00:00:00",
  "value" : "210"
},{
  "dateTime" : "04/26/22 00:00:00",
  "value" : "142"
},{
  "dateTime" : "04/27/22 00:00:00",
  "value" : "249"
},{
  "dateTime" : "04/28/22 00:00:00",
  "value" : "216"
},{
  "dateTime" : "04/29/22 00:00:00",
  "value" : "242"
},{
  "dateTime" : "04/30/22 00:00:00",
  "value" : "365"
},{
  "dateTime" : "05/01/22 00:00:00",
  "value" : "410"
},{
  "dateTime" : "05/02/22 00:00:00",
  "value" : "365"
},{
  "dateTime" : "05/03/22 00:00:00",
  "value" : "211"
},{
  "dateTime" : "05/04/22 00:00:00",
  "value" : "277"
},{
  "dateTime" : "05/05/22 00:00:00",
  "value" : "238"
},{
  "dateTime" : "05/06/22 00:00:00",
  "value" : "314"
},{
  "dateTime" : "05/07/22 00:00:00",
  "value" : "327"
},{
  "dateTime" : "05/08/22 00:00:00",
  "value" : "305"
},{
  "dateTime" : "05/09/22 00:00:00",
  "value" : "254"
},{
  "dateTime" : "05/10/22 00:00:00",
  "value" : "217"
},{
  "dateTime" : "05/11/22 00:00:00",
  "value" : "272"
},{
  "dateTime" : "05/12/22 00:00:00",
  "value" : "191"
},{
  "dateTime" : "05/13/22 00:00:00",
  "value" : "124"
},{
  "dateTime" : "05/14/22 00:00:00",
  "value" : "341"
},{
  "dateTime" : "05/15/22 00:00:00",
  "value" : "30"
},{
  "dateTime" : "05/16/22 00:00:00",
  "value" : "297"
},{
  "dateTime" : "05/17/22 00:00:00",
  "value" : "248"
},{
  "dateTime" : "05/18/22 00:00:00",
  "value" : "266"
},{
  "dateTime" : "05/19/22 00:00:00",
  "value" : "158"
},{
  "dateTime" : "05/20/22 00:00:00",
  "value" : "253"
},{
  "dateTime" : "05/21/22 00:00:00",
  "value" : "394"
},{
  "dateTime" : "05/22/22 00:00:00",
  "value" : "230"
}]