[{
  "dateTime" : "04/18/23 00:00:00",
  "value" : "195"
},{
  "dateTime" : "04/19/23 00:00:00",
  "value" : "234"
},{
  "dateTime" : "04/20/23 00:00:00",
  "value" : "108"
},{
  "dateTime" : "04/21/23 00:00:00",
  "value" : "266"
},{
  "dateTime" : "04/22/23 00:00:00",
  "value" : "468"
},{
  "dateTime" : "04/23/23 00:00:00",
  "value" : "375"
},{
  "dateTime" : "04/24/23 00:00:00",
  "value" : "175"
},{
  "dateTime" : "04/25/23 00:00:00",
  "value" : "210"
},{
  "dateTime" : "04/26/23 00:00:00",
  "value" : "12"
},{
  "dateTime" : "04/27/23 00:00:00",
  "value" : "110"
},{
  "dateTime" : "04/28/23 00:00:00",
  "value" : "107"
},{
  "dateTime" : "04/29/23 00:00:00",
  "value" : "368"
},{
  "dateTime" : "04/30/23 00:00:00",
  "value" : "45"
},{
  "dateTime" : "05/01/23 00:00:00",
  "value" : "0"
},{
  "dateTime" : "05/02/23 00:00:00",
  "value" : "0"
},{
  "dateTime" : "05/03/23 00:00:00",
  "value" : "48"
},{
  "dateTime" : "05/04/23 00:00:00",
  "value" : "246"
},{
  "dateTime" : "05/05/23 00:00:00",
  "value" : "144"
},{
  "dateTime" : "05/06/23 00:00:00",
  "value" : "453"
},{
  "dateTime" : "05/07/23 00:00:00",
  "value" : "356"
},{
  "dateTime" : "05/08/23 00:00:00",
  "value" : "60"
},{
  "dateTime" : "05/09/23 00:00:00",
  "value" : "266"
},{
  "dateTime" : "05/10/23 00:00:00",
  "value" : "190"
},{
  "dateTime" : "05/11/23 00:00:00",
  "value" : "163"
},{
  "dateTime" : "05/12/23 00:00:00",
  "value" : "163"
},{
  "dateTime" : "05/13/23 00:00:00",
  "value" : "413"
},{
  "dateTime" : "05/14/23 00:00:00",
  "value" : "233"
},{
  "dateTime" : "05/15/23 00:00:00",
  "value" : "202"
},{
  "dateTime" : "05/16/23 00:00:00",
  "value" : "231"
},{
  "dateTime" : "05/17/23 00:00:00",
  "value" : "192"
}]