[{
  "dateTime" : "11/19/22 00:00:00",
  "value" : "274"
},{
  "dateTime" : "11/20/22 00:00:00",
  "value" : "342"
},{
  "dateTime" : "11/21/22 00:00:00",
  "value" : "541"
},{
  "dateTime" : "11/22/22 00:00:00",
  "value" : "552"
},{
  "dateTime" : "11/23/22 00:00:00",
  "value" : "452"
},{
  "dateTime" : "11/24/22 00:00:00",
  "value" : "429"
},{
  "dateTime" : "11/25/22 00:00:00",
  "value" : "296"
},{
  "dateTime" : "11/26/22 00:00:00",
  "value" : "126"
},{
  "dateTime" : "11/27/22 00:00:00",
  "value" : "286"
},{
  "dateTime" : "11/28/22 00:00:00",
  "value" : "391"
},{
  "dateTime" : "11/29/22 00:00:00",
  "value" : "79"
},{
  "dateTime" : "11/30/22 00:00:00",
  "value" : "470"
},{
  "dateTime" : "12/01/22 00:00:00",
  "value" : "146"
},{
  "dateTime" : "12/02/22 00:00:00",
  "value" : "434"
},{
  "dateTime" : "12/03/22 00:00:00",
  "value" : "25"
},{
  "dateTime" : "12/04/22 00:00:00",
  "value" : "0"
},{
  "dateTime" : "12/05/22 00:00:00",
  "value" : "398"
},{
  "dateTime" : "12/06/22 00:00:00",
  "value" : "125"
},{
  "dateTime" : "12/07/22 00:00:00",
  "value" : "402"
},{
  "dateTime" : "12/08/22 00:00:00",
  "value" : "262"
},{
  "dateTime" : "12/09/22 00:00:00",
  "value" : "19"
},{
  "dateTime" : "12/10/22 00:00:00",
  "value" : "0"
},{
  "dateTime" : "12/11/22 00:00:00",
  "value" : "409"
},{
  "dateTime" : "12/12/22 00:00:00",
  "value" : "558"
},{
  "dateTime" : "12/13/22 00:00:00",
  "value" : "305"
},{
  "dateTime" : "12/14/22 00:00:00",
  "value" : "276"
},{
  "dateTime" : "12/15/22 00:00:00",
  "value" : "544"
},{
  "dateTime" : "12/16/22 00:00:00",
  "value" : "489"
},{
  "dateTime" : "12/17/22 00:00:00",
  "value" : "499"
},{
  "dateTime" : "12/18/22 00:00:00",
  "value" : "18"
}]