[{
  "dateTime" : "02/17/23 00:00:00",
  "value" : "82"
},{
  "dateTime" : "02/18/23 00:00:00",
  "value" : "309"
},{
  "dateTime" : "02/19/23 00:00:00",
  "value" : "424"
},{
  "dateTime" : "02/20/23 00:00:00",
  "value" : "479"
},{
  "dateTime" : "02/21/23 00:00:00",
  "value" : "193"
},{
  "dateTime" : "02/22/23 00:00:00",
  "value" : "167"
},{
  "dateTime" : "02/23/23 00:00:00",
  "value" : "432"
},{
  "dateTime" : "02/24/23 00:00:00",
  "value" : "422"
},{
  "dateTime" : "02/25/23 00:00:00",
  "value" : "28"
},{
  "dateTime" : "02/26/23 00:00:00",
  "value" : "401"
},{
  "dateTime" : "02/27/23 00:00:00",
  "value" : "238"
},{
  "dateTime" : "02/28/23 00:00:00",
  "value" : "318"
},{
  "dateTime" : "03/01/23 00:00:00",
  "value" : "374"
},{
  "dateTime" : "03/02/23 00:00:00",
  "value" : "296"
},{
  "dateTime" : "03/03/23 00:00:00",
  "value" : "143"
},{
  "dateTime" : "03/04/23 00:00:00",
  "value" : "191"
},{
  "dateTime" : "03/05/23 00:00:00",
  "value" : "115"
},{
  "dateTime" : "03/06/23 00:00:00",
  "value" : "236"
},{
  "dateTime" : "03/07/23 00:00:00",
  "value" : "319"
},{
  "dateTime" : "03/08/23 00:00:00",
  "value" : "231"
},{
  "dateTime" : "03/09/23 00:00:00",
  "value" : "150"
},{
  "dateTime" : "03/10/23 00:00:00",
  "value" : "158"
},{
  "dateTime" : "03/11/23 00:00:00",
  "value" : "324"
},{
  "dateTime" : "03/12/23 00:00:00",
  "value" : "158"
},{
  "dateTime" : "03/13/23 00:00:00",
  "value" : "268"
},{
  "dateTime" : "03/14/23 00:00:00",
  "value" : "346"
},{
  "dateTime" : "03/15/23 00:00:00",
  "value" : "325"
},{
  "dateTime" : "03/16/23 00:00:00",
  "value" : "207"
},{
  "dateTime" : "03/17/23 00:00:00",
  "value" : "281"
},{
  "dateTime" : "03/18/23 00:00:00",
  "value" : "402"
}]