[{
  "dateTime" : "03/24/22 00:00:00",
  "value" : "95"
},{
  "dateTime" : "03/25/22 00:00:00",
  "value" : "103"
},{
  "dateTime" : "03/26/22 00:00:00",
  "value" : "146"
},{
  "dateTime" : "03/27/22 00:00:00",
  "value" : "108"
},{
  "dateTime" : "03/28/22 00:00:00",
  "value" : "182"
},{
  "dateTime" : "03/29/22 00:00:00",
  "value" : "202"
},{
  "dateTime" : "03/30/22 00:00:00",
  "value" : "126"
},{
  "dateTime" : "03/31/22 00:00:00",
  "value" : "157"
},{
  "dateTime" : "04/01/22 00:00:00",
  "value" : "186"
},{
  "dateTime" : "04/02/22 00:00:00",
  "value" : "292"
},{
  "dateTime" : "04/03/22 00:00:00",
  "value" : "164"
},{
  "dateTime" : "04/04/22 00:00:00",
  "value" : "293"
},{
  "dateTime" : "04/05/22 00:00:00",
  "value" : "303"
},{
  "dateTime" : "04/06/22 00:00:00",
  "value" : "188"
},{
  "dateTime" : "04/07/22 00:00:00",
  "value" : "221"
},{
  "dateTime" : "04/08/22 00:00:00",
  "value" : "232"
},{
  "dateTime" : "04/09/22 00:00:00",
  "value" : "429"
},{
  "dateTime" : "04/10/22 00:00:00",
  "value" : "152"
},{
  "dateTime" : "04/11/22 00:00:00",
  "value" : "207"
},{
  "dateTime" : "04/12/22 00:00:00",
  "value" : "158"
},{
  "dateTime" : "04/13/22 00:00:00",
  "value" : "223"
},{
  "dateTime" : "04/14/22 00:00:00",
  "value" : "298"
},{
  "dateTime" : "04/15/22 00:00:00",
  "value" : "279"
},{
  "dateTime" : "04/16/22 00:00:00",
  "value" : "398"
},{
  "dateTime" : "04/17/22 00:00:00",
  "value" : "171"
},{
  "dateTime" : "04/18/22 00:00:00",
  "value" : "173"
},{
  "dateTime" : "04/19/22 00:00:00",
  "value" : "216"
},{
  "dateTime" : "04/20/22 00:00:00",
  "value" : "262"
},{
  "dateTime" : "04/21/22 00:00:00",
  "value" : "234"
},{
  "dateTime" : "04/22/22 00:00:00",
  "value" : "224"
}]