[{
  "dateTime" : "12/24/21 00:00:00",
  "value" : "0"
},{
  "dateTime" : "12/25/21 00:00:00",
  "value" : "236"
},{
  "dateTime" : "12/26/21 00:00:00",
  "value" : "303"
},{
  "dateTime" : "12/27/21 00:00:00",
  "value" : "378"
},{
  "dateTime" : "12/28/21 00:00:00",
  "value" : "354"
},{
  "dateTime" : "12/29/21 00:00:00",
  "value" : "229"
},{
  "dateTime" : "12/30/21 00:00:00",
  "value" : "303"
},{
  "dateTime" : "12/31/21 00:00:00",
  "value" : "545"
},{
  "dateTime" : "01/01/22 00:00:00",
  "value" : "180"
},{
  "dateTime" : "01/02/22 00:00:00",
  "value" : "232"
},{
  "dateTime" : "01/03/22 00:00:00",
  "value" : "183"
},{
  "dateTime" : "01/04/22 00:00:00",
  "value" : "269"
},{
  "dateTime" : "01/05/22 00:00:00",
  "value" : "456"
},{
  "dateTime" : "01/06/22 00:00:00",
  "value" : "510"
},{
  "dateTime" : "01/07/22 00:00:00",
  "value" : "316"
},{
  "dateTime" : "01/08/22 00:00:00",
  "value" : "573"
},{
  "dateTime" : "01/09/22 00:00:00",
  "value" : "227"
},{
  "dateTime" : "01/10/22 00:00:00",
  "value" : "241"
},{
  "dateTime" : "01/11/22 00:00:00",
  "value" : "334"
},{
  "dateTime" : "01/12/22 00:00:00",
  "value" : "235"
},{
  "dateTime" : "01/13/22 00:00:00",
  "value" : "421"
},{
  "dateTime" : "01/14/22 00:00:00",
  "value" : "226"
},{
  "dateTime" : "01/15/22 00:00:00",
  "value" : "492"
},{
  "dateTime" : "01/16/22 00:00:00",
  "value" : "182"
},{
  "dateTime" : "01/17/22 00:00:00",
  "value" : "257"
},{
  "dateTime" : "01/18/22 00:00:00",
  "value" : "312"
},{
  "dateTime" : "01/19/22 00:00:00",
  "value" : "132"
},{
  "dateTime" : "01/20/22 00:00:00",
  "value" : "336"
},{
  "dateTime" : "01/21/22 00:00:00",
  "value" : "218"
},{
  "dateTime" : "01/22/22 00:00:00",
  "value" : "293"
}]