[{
  "dateTime" : "01/23/22 00:00:00",
  "value" : "455"
},{
  "dateTime" : "01/24/22 00:00:00",
  "value" : "346"
},{
  "dateTime" : "01/25/22 00:00:00",
  "value" : "288"
},{
  "dateTime" : "01/26/22 00:00:00",
  "value" : "406"
},{
  "dateTime" : "01/27/22 00:00:00",
  "value" : "307"
},{
  "dateTime" : "01/28/22 00:00:00",
  "value" : "263"
},{
  "dateTime" : "01/29/22 00:00:00",
  "value" : "350"
},{
  "dateTime" : "01/30/22 00:00:00",
  "value" : "355"
},{
  "dateTime" : "01/31/22 00:00:00",
  "value" : "388"
},{
  "dateTime" : "02/01/22 00:00:00",
  "value" : "535"
},{
  "dateTime" : "02/02/22 00:00:00",
  "value" : "144"
},{
  "dateTime" : "02/03/22 00:00:00",
  "value" : "190"
},{
  "dateTime" : "02/04/22 00:00:00",
  "value" : "304"
},{
  "dateTime" : "02/05/22 00:00:00",
  "value" : "408"
},{
  "dateTime" : "02/06/22 00:00:00",
  "value" : "237"
},{
  "dateTime" : "02/07/22 00:00:00",
  "value" : "398"
},{
  "dateTime" : "02/08/22 00:00:00",
  "value" : "455"
},{
  "dateTime" : "02/09/22 00:00:00",
  "value" : "287"
},{
  "dateTime" : "02/10/22 00:00:00",
  "value" : "463"
},{
  "dateTime" : "02/11/22 00:00:00",
  "value" : "178"
},{
  "dateTime" : "02/12/22 00:00:00",
  "value" : "305"
},{
  "dateTime" : "02/13/22 00:00:00",
  "value" : "253"
},{
  "dateTime" : "02/14/22 00:00:00",
  "value" : "294"
},{
  "dateTime" : "02/15/22 00:00:00",
  "value" : "150"
},{
  "dateTime" : "02/16/22 00:00:00",
  "value" : "289"
},{
  "dateTime" : "02/17/22 00:00:00",
  "value" : "165"
},{
  "dateTime" : "02/18/22 00:00:00",
  "value" : "392"
},{
  "dateTime" : "02/19/22 00:00:00",
  "value" : "352"
},{
  "dateTime" : "02/20/22 00:00:00",
  "value" : "204"
},{
  "dateTime" : "02/21/22 00:00:00",
  "value" : "144"
}]