[{
  "dateTime" : "05/23/22 00:00:00",
  "value" : "145"
},{
  "dateTime" : "05/24/22 00:00:00",
  "value" : "387"
},{
  "dateTime" : "05/25/22 00:00:00",
  "value" : "235"
},{
  "dateTime" : "05/26/22 00:00:00",
  "value" : "231"
},{
  "dateTime" : "05/27/22 00:00:00",
  "value" : "405"
},{
  "dateTime" : "05/28/22 00:00:00",
  "value" : "485"
},{
  "dateTime" : "05/29/22 00:00:00",
  "value" : "223"
},{
  "dateTime" : "05/30/22 00:00:00",
  "value" : "235"
},{
  "dateTime" : "05/31/22 00:00:00",
  "value" : "234"
},{
  "dateTime" : "06/01/22 00:00:00",
  "value" : "133"
},{
  "dateTime" : "06/02/22 00:00:00",
  "value" : "207"
},{
  "dateTime" : "06/03/22 00:00:00",
  "value" : "311"
},{
  "dateTime" : "06/04/22 00:00:00",
  "value" : "470"
},{
  "dateTime" : "06/05/22 00:00:00",
  "value" : "169"
},{
  "dateTime" : "06/06/22 00:00:00",
  "value" : "180"
},{
  "dateTime" : "06/07/22 00:00:00",
  "value" : "162"
},{
  "dateTime" : "06/08/22 00:00:00",
  "value" : "261"
},{
  "dateTime" : "06/09/22 00:00:00",
  "value" : "189"
},{
  "dateTime" : "06/10/22 00:00:00",
  "value" : "144"
},{
  "dateTime" : "06/11/22 00:00:00",
  "value" : "424"
},{
  "dateTime" : "06/12/22 00:00:00",
  "value" : "231"
},{
  "dateTime" : "06/13/22 00:00:00",
  "value" : "211"
},{
  "dateTime" : "06/14/22 00:00:00",
  "value" : "157"
},{
  "dateTime" : "06/15/22 00:00:00",
  "value" : "152"
},{
  "dateTime" : "06/16/22 00:00:00",
  "value" : "164"
},{
  "dateTime" : "06/17/22 00:00:00",
  "value" : "180"
},{
  "dateTime" : "06/18/22 00:00:00",
  "value" : "251"
},{
  "dateTime" : "06/19/22 00:00:00",
  "value" : "154"
},{
  "dateTime" : "06/20/22 00:00:00",
  "value" : "86"
},{
  "dateTime" : "06/21/22 00:00:00",
  "value" : "286"
}]