[{
  "dateTime" : "01/18/23 00:00:00",
  "value" : "395"
},{
  "dateTime" : "01/19/23 00:00:00",
  "value" : "228"
},{
  "dateTime" : "01/20/23 00:00:00",
  "value" : "371"
},{
  "dateTime" : "01/21/23 00:00:00",
  "value" : "478"
},{
  "dateTime" : "01/22/23 00:00:00",
  "value" : "492"
},{
  "dateTime" : "01/23/23 00:00:00",
  "value" : "442"
},{
  "dateTime" : "01/24/23 00:00:00",
  "value" : "136"
},{
  "dateTime" : "01/25/23 00:00:00",
  "value" : "226"
},{
  "dateTime" : "01/26/23 00:00:00",
  "value" : "233"
},{
  "dateTime" : "01/27/23 00:00:00",
  "value" : "0"
},{
  "dateTime" : "01/28/23 00:00:00",
  "value" : "353"
},{
  "dateTime" : "01/29/23 00:00:00",
  "value" : "299"
},{
  "dateTime" : "01/30/23 00:00:00",
  "value" : "258"
},{
  "dateTime" : "01/31/23 00:00:00",
  "value" : "13"
},{
  "dateTime" : "02/01/23 00:00:00",
  "value" : "508"
},{
  "dateTime" : "02/02/23 00:00:00",
  "value" : "488"
},{
  "dateTime" : "02/03/23 00:00:00",
  "value" : "650"
},{
  "dateTime" : "02/04/23 00:00:00",
  "value" : "337"
},{
  "dateTime" : "02/05/23 00:00:00",
  "value" : "446"
},{
  "dateTime" : "02/06/23 00:00:00",
  "value" : "324"
},{
  "dateTime" : "02/07/23 00:00:00",
  "value" : "178"
},{
  "dateTime" : "02/08/23 00:00:00",
  "value" : "82"
},{
  "dateTime" : "02/09/23 00:00:00",
  "value" : "133"
},{
  "dateTime" : "02/10/23 00:00:00",
  "value" : "367"
},{
  "dateTime" : "02/11/23 00:00:00",
  "value" : "413"
},{
  "dateTime" : "02/12/23 00:00:00",
  "value" : "431"
},{
  "dateTime" : "02/13/23 00:00:00",
  "value" : "442"
},{
  "dateTime" : "02/14/23 00:00:00",
  "value" : "229"
},{
  "dateTime" : "02/15/23 00:00:00",
  "value" : "476"
},{
  "dateTime" : "02/16/23 00:00:00",
  "value" : "417"
}]