[{
  "dateTime" : "12/19/22 00:00:00",
  "value" : "59"
},{
  "dateTime" : "12/20/22 00:00:00",
  "value" : "158"
},{
  "dateTime" : "12/21/22 00:00:00",
  "value" : "393"
},{
  "dateTime" : "12/22/22 00:00:00",
  "value" : "480"
},{
  "dateTime" : "12/23/22 00:00:00",
  "value" : "520"
},{
  "dateTime" : "12/24/22 00:00:00",
  "value" : "465"
},{
  "dateTime" : "12/25/22 00:00:00",
  "value" : "482"
},{
  "dateTime" : "12/26/22 00:00:00",
  "value" : "492"
},{
  "dateTime" : "12/27/22 00:00:00",
  "value" : "28"
},{
  "dateTime" : "12/28/22 00:00:00",
  "value" : "224"
},{
  "dateTime" : "12/29/22 00:00:00",
  "value" : "462"
},{
  "dateTime" : "12/30/22 00:00:00",
  "value" : "507"
},{
  "dateTime" : "12/31/22 00:00:00",
  "value" : "428"
},{
  "dateTime" : "01/01/23 00:00:00",
  "value" : "432"
},{
  "dateTime" : "01/02/23 00:00:00",
  "value" : "420"
},{
  "dateTime" : "01/03/23 00:00:00",
  "value" : "241"
},{
  "dateTime" : "01/04/23 00:00:00",
  "value" : "272"
},{
  "dateTime" : "01/05/23 00:00:00",
  "value" : "338"
},{
  "dateTime" : "01/06/23 00:00:00",
  "value" : "327"
},{
  "dateTime" : "01/07/23 00:00:00",
  "value" : "396"
},{
  "dateTime" : "01/08/23 00:00:00",
  "value" : "369"
},{
  "dateTime" : "01/09/23 00:00:00",
  "value" : "427"
},{
  "dateTime" : "01/10/23 00:00:00",
  "value" : "246"
},{
  "dateTime" : "01/11/23 00:00:00",
  "value" : "333"
},{
  "dateTime" : "01/12/23 00:00:00",
  "value" : "205"
},{
  "dateTime" : "01/13/23 00:00:00",
  "value" : "534"
},{
  "dateTime" : "01/14/23 00:00:00",
  "value" : "602"
},{
  "dateTime" : "01/15/23 00:00:00",
  "value" : "415"
},{
  "dateTime" : "01/16/23 00:00:00",
  "value" : "510"
},{
  "dateTime" : "01/17/23 00:00:00",
  "value" : "105"
}]