[{
  "dateTime" : "07/22/22 00:00:00",
  "value" : "0"
},{
  "dateTime" : "07/23/22 00:00:00",
  "value" : "362"
},{
  "dateTime" : "07/24/22 00:00:00",
  "value" : "195"
},{
  "dateTime" : "07/25/22 00:00:00",
  "value" : "232"
},{
  "dateTime" : "07/26/22 00:00:00",
  "value" : "203"
},{
  "dateTime" : "07/27/22 00:00:00",
  "value" : "248"
},{
  "dateTime" : "07/28/22 00:00:00",
  "value" : "8"
},{
  "dateTime" : "07/29/22 00:00:00",
  "value" : "131"
},{
  "dateTime" : "07/30/22 00:00:00",
  "value" : "399"
},{
  "dateTime" : "07/31/22 00:00:00",
  "value" : "337"
},{
  "dateTime" : "08/01/22 00:00:00",
  "value" : "198"
},{
  "dateTime" : "08/02/22 00:00:00",
  "value" : "0"
},{
  "dateTime" : "08/03/22 00:00:00",
  "value" : "0"
},{
  "dateTime" : "08/04/22 00:00:00",
  "value" : "140"
},{
  "dateTime" : "08/05/22 00:00:00",
  "value" : "240"
},{
  "dateTime" : "08/06/22 00:00:00",
  "value" : "451"
},{
  "dateTime" : "08/07/22 00:00:00",
  "value" : "446"
},{
  "dateTime" : "08/08/22 00:00:00",
  "value" : "2"
},{
  "dateTime" : "08/09/22 00:00:00",
  "value" : "0"
},{
  "dateTime" : "08/10/22 00:00:00",
  "value" : "0"
},{
  "dateTime" : "08/11/22 00:00:00",
  "value" : "0"
},{
  "dateTime" : "08/12/22 00:00:00",
  "value" : "0"
},{
  "dateTime" : "08/13/22 00:00:00",
  "value" : "0"
},{
  "dateTime" : "08/14/22 00:00:00",
  "value" : "0"
},{
  "dateTime" : "08/15/22 00:00:00",
  "value" : "0"
},{
  "dateTime" : "08/16/22 00:00:00",
  "value" : "23"
},{
  "dateTime" : "08/17/22 00:00:00",
  "value" : "0"
},{
  "dateTime" : "08/18/22 00:00:00",
  "value" : "0"
},{
  "dateTime" : "08/19/22 00:00:00",
  "value" : "0"
},{
  "dateTime" : "08/20/22 00:00:00",
  "value" : "0"
}]