[{
  "dateTime" : "06/17/23 00:00:00",
  "value" : "18"
},{
  "dateTime" : "06/18/23 00:00:00",
  "value" : "148"
},{
  "dateTime" : "06/19/23 00:00:00",
  "value" : "10"
},{
  "dateTime" : "06/20/23 00:00:00",
  "value" : "119"
},{
  "dateTime" : "06/21/23 00:00:00",
  "value" : "8"
},{
  "dateTime" : "06/22/23 00:00:00",
  "value" : "272"
},{
  "dateTime" : "06/23/23 00:00:00",
  "value" : "142"
},{
  "dateTime" : "06/24/23 00:00:00",
  "value" : "359"
},{
  "dateTime" : "06/25/23 00:00:00",
  "value" : "183"
},{
  "dateTime" : "06/26/23 00:00:00",
  "value" : "455"
},{
  "dateTime" : "06/27/23 00:00:00",
  "value" : "433"
},{
  "dateTime" : "06/28/23 00:00:00",
  "value" : "6"
},{
  "dateTime" : "06/29/23 00:00:00",
  "value" : "353"
},{
  "dateTime" : "06/30/23 00:00:00",
  "value" : "357"
},{
  "dateTime" : "07/01/23 00:00:00",
  "value" : "473"
},{
  "dateTime" : "07/02/23 00:00:00",
  "value" : "55"
},{
  "dateTime" : "07/03/23 00:00:00",
  "value" : "191"
},{
  "dateTime" : "07/04/23 00:00:00",
  "value" : "288"
},{
  "dateTime" : "07/05/23 00:00:00",
  "value" : "236"
},{
  "dateTime" : "07/06/23 00:00:00",
  "value" : "120"
},{
  "dateTime" : "07/07/23 00:00:00",
  "value" : "163"
},{
  "dateTime" : "07/08/23 00:00:00",
  "value" : "321"
},{
  "dateTime" : "07/09/23 00:00:00",
  "value" : "185"
},{
  "dateTime" : "07/10/23 00:00:00",
  "value" : "7"
},{
  "dateTime" : "07/11/23 00:00:00",
  "value" : "186"
},{
  "dateTime" : "07/12/23 00:00:00",
  "value" : "220"
},{
  "dateTime" : "07/13/23 00:00:00",
  "value" : "217"
},{
  "dateTime" : "07/14/23 00:00:00",
  "value" : "241"
},{
  "dateTime" : "07/15/23 00:00:00",
  "value" : "451"
},{
  "dateTime" : "07/16/23 00:00:00",
  "value" : "351"
}]