[{
  "dateTime" : "06/22/22 00:00:00",
  "value" : "235"
},{
  "dateTime" : "06/23/22 00:00:00",
  "value" : "318"
},{
  "dateTime" : "06/24/22 00:00:00",
  "value" : "186"
},{
  "dateTime" : "06/25/22 00:00:00",
  "value" : "486"
},{
  "dateTime" : "06/26/22 00:00:00",
  "value" : "202"
},{
  "dateTime" : "06/27/22 00:00:00",
  "value" : "315"
},{
  "dateTime" : "06/28/22 00:00:00",
  "value" : "193"
},{
  "dateTime" : "06/29/22 00:00:00",
  "value" : "156"
},{
  "dateTime" : "06/30/22 00:00:00",
  "value" : "31"
},{
  "dateTime" : "07/01/22 00:00:00",
  "value" : "0"
},{
  "dateTime" : "07/02/22 00:00:00",
  "value" : "0"
},{
  "dateTime" : "07/03/22 00:00:00",
  "value" : "0"
},{
  "dateTime" : "07/04/22 00:00:00",
  "value" : "0"
},{
  "dateTime" : "07/05/22 00:00:00",
  "value" : "0"
},{
  "dateTime" : "07/06/22 00:00:00",
  "value" : "93"
},{
  "dateTime" : "07/07/22 00:00:00",
  "value" : "334"
},{
  "dateTime" : "07/08/22 00:00:00",
  "value" : "271"
},{
  "dateTime" : "07/09/22 00:00:00",
  "value" : "364"
},{
  "dateTime" : "07/10/22 00:00:00",
  "value" : "253"
},{
  "dateTime" : "07/11/22 00:00:00",
  "value" : "153"
},{
  "dateTime" : "07/12/22 00:00:00",
  "value" : "171"
},{
  "dateTime" : "07/13/22 00:00:00",
  "value" : "238"
},{
  "dateTime" : "07/14/22 00:00:00",
  "value" : "156"
},{
  "dateTime" : "07/15/22 00:00:00",
  "value" : "218"
},{
  "dateTime" : "07/16/22 00:00:00",
  "value" : "372"
},{
  "dateTime" : "07/17/22 00:00:00",
  "value" : "200"
},{
  "dateTime" : "07/18/22 00:00:00",
  "value" : "179"
},{
  "dateTime" : "07/19/22 00:00:00",
  "value" : "0"
},{
  "dateTime" : "07/20/22 00:00:00",
  "value" : "221"
},{
  "dateTime" : "07/21/22 00:00:00",
  "value" : "99"
}]