[{
  "dateTime" : "06/17/23 00:00:00",
  "value" : "0"
},{
  "dateTime" : "06/18/23 00:00:00",
  "value" : "0"
},{
  "dateTime" : "06/19/23 00:00:00",
  "value" : "0"
},{
  "dateTime" : "06/20/23 00:00:00",
  "value" : "0"
},{
  "dateTime" : "06/21/23 00:00:00",
  "value" : "0"
},{
  "dateTime" : "06/22/23 00:00:00",
  "value" : "244"
},{
  "dateTime" : "06/23/23 00:00:00",
  "value" : "8"
},{
  "dateTime" : "06/24/23 00:00:00",
  "value" : "71"
},{
  "dateTime" : "06/25/23 00:00:00",
  "value" : "32"
},{
  "dateTime" : "06/26/23 00:00:00",
  "value" : "97"
},{
  "dateTime" : "06/27/23 00:00:00",
  "value" : "23"
},{
  "dateTime" : "06/28/23 00:00:00",
  "value" : "0"
},{
  "dateTime" : "06/29/23 00:00:00",
  "value" : "120"
},{
  "dateTime" : "06/30/23 00:00:00",
  "value" : "92"
},{
  "dateTime" : "07/01/23 00:00:00",
  "value" : "70"
},{
  "dateTime" : "07/02/23 00:00:00",
  "value" : "6"
},{
  "dateTime" : "07/03/23 00:00:00",
  "value" : "8"
},{
  "dateTime" : "07/04/23 00:00:00",
  "value" : "23"
},{
  "dateTime" : "07/05/23 00:00:00",
  "value" : "20"
},{
  "dateTime" : "07/06/23 00:00:00",
  "value" : "0"
},{
  "dateTime" : "07/07/23 00:00:00",
  "value" : "12"
},{
  "dateTime" : "07/08/23 00:00:00",
  "value" : "112"
},{
  "dateTime" : "07/09/23 00:00:00",
  "value" : "0"
},{
  "dateTime" : "07/10/23 00:00:00",
  "value" : "0"
},{
  "dateTime" : "07/11/23 00:00:00",
  "value" : "17"
},{
  "dateTime" : "07/12/23 00:00:00",
  "value" : "12"
},{
  "dateTime" : "07/13/23 00:00:00",
  "value" : "3"
},{
  "dateTime" : "07/14/23 00:00:00",
  "value" : "4"
},{
  "dateTime" : "07/15/23 00:00:00",
  "value" : "87"
},{
  "dateTime" : "07/16/23 00:00:00",
  "value" : "0"
}]