[{
  "dateTime" : "02/17/23 00:00:00",
  "value" : "0"
},{
  "dateTime" : "02/18/23 00:00:00",
  "value" : "16"
},{
  "dateTime" : "02/19/23 00:00:00",
  "value" : "0"
},{
  "dateTime" : "02/20/23 00:00:00",
  "value" : "18"
},{
  "dateTime" : "02/21/23 00:00:00",
  "value" : "17"
},{
  "dateTime" : "02/22/23 00:00:00",
  "value" : "30"
},{
  "dateTime" : "02/23/23 00:00:00",
  "value" : "142"
},{
  "dateTime" : "02/24/23 00:00:00",
  "value" : "94"
},{
  "dateTime" : "02/25/23 00:00:00",
  "value" : "0"
},{
  "dateTime" : "02/26/23 00:00:00",
  "value" : "63"
},{
  "dateTime" : "02/27/23 00:00:00",
  "value" : "86"
},{
  "dateTime" : "02/28/23 00:00:00",
  "value" : "167"
},{
  "dateTime" : "03/01/23 00:00:00",
  "value" : "31"
},{
  "dateTime" : "03/02/23 00:00:00",
  "value" : "11"
},{
  "dateTime" : "03/03/23 00:00:00",
  "value" : "15"
},{
  "dateTime" : "03/04/23 00:00:00",
  "value" : "9"
},{
  "dateTime" : "03/05/23 00:00:00",
  "value" : "20"
},{
  "dateTime" : "03/06/23 00:00:00",
  "value" : "134"
},{
  "dateTime" : "03/07/23 00:00:00",
  "value" : "143"
},{
  "dateTime" : "03/08/23 00:00:00",
  "value" : "7"
},{
  "dateTime" : "03/09/23 00:00:00",
  "value" : "14"
},{
  "dateTime" : "03/10/23 00:00:00",
  "value" : "5"
},{
  "dateTime" : "03/11/23 00:00:00",
  "value" : "46"
},{
  "dateTime" : "03/12/23 00:00:00",
  "value" : "34"
},{
  "dateTime" : "03/13/23 00:00:00",
  "value" : "37"
},{
  "dateTime" : "03/14/23 00:00:00",
  "value" : "82"
},{
  "dateTime" : "03/15/23 00:00:00",
  "value" : "119"
},{
  "dateTime" : "03/16/23 00:00:00",
  "value" : "1"
},{
  "dateTime" : "03/17/23 00:00:00",
  "value" : "9"
},{
  "dateTime" : "03/18/23 00:00:00",
  "value" : "133"
}]