[{
  "dateTime" : "01/23/22 00:00:00",
  "value" : "128"
},{
  "dateTime" : "01/24/22 00:00:00",
  "value" : "221"
},{
  "dateTime" : "01/25/22 00:00:00",
  "value" : "34"
},{
  "dateTime" : "01/26/22 00:00:00",
  "value" : "53"
},{
  "dateTime" : "01/27/22 00:00:00",
  "value" : "286"
},{
  "dateTime" : "01/28/22 00:00:00",
  "value" : "130"
},{
  "dateTime" : "01/29/22 00:00:00",
  "value" : "18"
},{
  "dateTime" : "01/30/22 00:00:00",
  "value" : "188"
},{
  "dateTime" : "01/31/22 00:00:00",
  "value" : "126"
},{
  "dateTime" : "02/01/22 00:00:00",
  "value" : "181"
},{
  "dateTime" : "02/02/22 00:00:00",
  "value" : "13"
},{
  "dateTime" : "02/03/22 00:00:00",
  "value" : "16"
},{
  "dateTime" : "02/04/22 00:00:00",
  "value" : "14"
},{
  "dateTime" : "02/05/22 00:00:00",
  "value" : "246"
},{
  "dateTime" : "02/06/22 00:00:00",
  "value" : "13"
},{
  "dateTime" : "02/07/22 00:00:00",
  "value" : "149"
},{
  "dateTime" : "02/08/22 00:00:00",
  "value" : "20"
},{
  "dateTime" : "02/09/22 00:00:00",
  "value" : "53"
},{
  "dateTime" : "02/10/22 00:00:00",
  "value" : "6"
},{
  "dateTime" : "02/11/22 00:00:00",
  "value" : "26"
},{
  "dateTime" : "02/12/22 00:00:00",
  "value" : "239"
},{
  "dateTime" : "02/13/22 00:00:00",
  "value" : "27"
},{
  "dateTime" : "02/14/22 00:00:00",
  "value" : "42"
},{
  "dateTime" : "02/15/22 00:00:00",
  "value" : "0"
},{
  "dateTime" : "02/16/22 00:00:00",
  "value" : "132"
},{
  "dateTime" : "02/17/22 00:00:00",
  "value" : "34"
},{
  "dateTime" : "02/18/22 00:00:00",
  "value" : "90"
},{
  "dateTime" : "02/19/22 00:00:00",
  "value" : "68"
},{
  "dateTime" : "02/20/22 00:00:00",
  "value" : "15"
},{
  "dateTime" : "02/21/22 00:00:00",
  "value" : "9"
}]