[{
  "dateTime" : "03/19/23 00:00:00",
  "value" : "22"
},{
  "dateTime" : "03/20/23 00:00:00",
  "value" : "14"
},{
  "dateTime" : "03/21/23 00:00:00",
  "value" : "29"
},{
  "dateTime" : "03/22/23 00:00:00",
  "value" : "0"
},{
  "dateTime" : "03/23/23 00:00:00",
  "value" : "41"
},{
  "dateTime" : "03/24/23 00:00:00",
  "value" : "13"
},{
  "dateTime" : "03/25/23 00:00:00",
  "value" : "6"
},{
  "dateTime" : "03/26/23 00:00:00",
  "value" : "233"
},{
  "dateTime" : "03/27/23 00:00:00",
  "value" : "4"
},{
  "dateTime" : "03/28/23 00:00:00",
  "value" : "26"
},{
  "dateTime" : "03/29/23 00:00:00",
  "value" : "2"
},{
  "dateTime" : "03/30/23 00:00:00",
  "value" : "31"
},{
  "dateTime" : "03/31/23 00:00:00",
  "value" : "7"
},{
  "dateTime" : "04/01/23 00:00:00",
  "value" : "83"
},{
  "dateTime" : "04/02/23 00:00:00",
  "value" : "14"
},{
  "dateTime" : "04/03/23 00:00:00",
  "value" : "7"
},{
  "dateTime" : "04/04/23 00:00:00",
  "value" : "6"
},{
  "dateTime" : "04/05/23 00:00:00",
  "value" : "0"
},{
  "dateTime" : "04/06/23 00:00:00",
  "value" : "0"
},{
  "dateTime" : "04/07/23 00:00:00",
  "value" : "0"
},{
  "dateTime" : "04/08/23 00:00:00",
  "value" : "95"
},{
  "dateTime" : "04/09/23 00:00:00",
  "value" : "228"
},{
  "dateTime" : "04/10/23 00:00:00",
  "value" : "15"
},{
  "dateTime" : "04/11/23 00:00:00",
  "value" : "42"
},{
  "dateTime" : "04/12/23 00:00:00",
  "value" : "0"
},{
  "dateTime" : "04/13/23 00:00:00",
  "value" : "0"
},{
  "dateTime" : "04/14/23 00:00:00",
  "value" : "0"
},{
  "dateTime" : "04/15/23 00:00:00",
  "value" : "202"
},{
  "dateTime" : "04/16/23 00:00:00",
  "value" : "0"
},{
  "dateTime" : "04/17/23 00:00:00",
  "value" : "56"
}]