[{
  "dateTime" : "05/18/23 00:00:00",
  "value" : "0"
},{
  "dateTime" : "05/19/23 00:00:00",
  "value" : "11"
},{
  "dateTime" : "05/20/23 00:00:00",
  "value" : "43"
},{
  "dateTime" : "05/21/23 00:00:00",
  "value" : "1"
},{
  "dateTime" : "05/22/23 00:00:00",
  "value" : "9"
},{
  "dateTime" : "05/23/23 00:00:00",
  "value" : "5"
},{
  "dateTime" : "05/24/23 00:00:00",
  "value" : "1"
},{
  "dateTime" : "05/25/23 00:00:00",
  "value" : "12"
},{
  "dateTime" : "05/26/23 00:00:00",
  "value" : "17"
},{
  "dateTime" : "05/27/23 00:00:00",
  "value" : "66"
},{
  "dateTime" : "05/28/23 00:00:00",
  "value" : "0"
},{
  "dateTime" : "05/29/23 00:00:00",
  "value" : "5"
},{
  "dateTime" : "05/30/23 00:00:00",
  "value" : "0"
},{
  "dateTime" : "05/31/23 00:00:00",
  "value" : "169"
},{
  "dateTime" : "06/01/23 00:00:00",
  "value" : "14"
},{
  "dateTime" : "06/02/23 00:00:00",
  "value" : "0"
},{
  "dateTime" : "06/03/23 00:00:00",
  "value" : "90"
},{
  "dateTime" : "06/04/23 00:00:00",
  "value" : "0"
},{
  "dateTime" : "06/05/23 00:00:00",
  "value" : "7"
},{
  "dateTime" : "06/06/23 00:00:00",
  "value" : "22"
},{
  "dateTime" : "06/07/23 00:00:00",
  "value" : "13"
},{
  "dateTime" : "06/08/23 00:00:00",
  "value" : "40"
},{
  "dateTime" : "06/09/23 00:00:00",
  "value" : "0"
},{
  "dateTime" : "06/10/23 00:00:00",
  "value" : "91"
},{
  "dateTime" : "06/11/23 00:00:00",
  "value" : "87"
},{
  "dateTime" : "06/12/23 00:00:00",
  "value" : "0"
},{
  "dateTime" : "06/13/23 00:00:00",
  "value" : "0"
},{
  "dateTime" : "06/14/23 00:00:00",
  "value" : "0"
},{
  "dateTime" : "06/15/23 00:00:00",
  "value" : "71"
},{
  "dateTime" : "06/16/23 00:00:00",
  "value" : "48"
}]