[{
  "dateTime" : "12/24/21 00:00:00",
  "value" : "0"
},{
  "dateTime" : "12/25/21 00:00:00",
  "value" : "18"
},{
  "dateTime" : "12/26/21 00:00:00",
  "value" : "7"
},{
  "dateTime" : "12/27/21 00:00:00",
  "value" : "40"
},{
  "dateTime" : "12/28/21 00:00:00",
  "value" : "80"
},{
  "dateTime" : "12/29/21 00:00:00",
  "value" : "18"
},{
  "dateTime" : "12/30/21 00:00:00",
  "value" : "51"
},{
  "dateTime" : "12/31/21 00:00:00",
  "value" : "107"
},{
  "dateTime" : "01/01/22 00:00:00",
  "value" : "7"
},{
  "dateTime" : "01/02/22 00:00:00",
  "value" : "31"
},{
  "dateTime" : "01/03/22 00:00:00",
  "value" : "23"
},{
  "dateTime" : "01/04/22 00:00:00",
  "value" : "6"
},{
  "dateTime" : "01/05/22 00:00:00",
  "value" : "78"
},{
  "dateTime" : "01/06/22 00:00:00",
  "value" : "69"
},{
  "dateTime" : "01/07/22 00:00:00",
  "value" : "0"
},{
  "dateTime" : "01/08/22 00:00:00",
  "value" : "100"
},{
  "dateTime" : "01/09/22 00:00:00",
  "value" : "0"
},{
  "dateTime" : "01/10/22 00:00:00",
  "value" : "48"
},{
  "dateTime" : "01/11/22 00:00:00",
  "value" : "74"
},{
  "dateTime" : "01/12/22 00:00:00",
  "value" : "0"
},{
  "dateTime" : "01/13/22 00:00:00",
  "value" : "66"
},{
  "dateTime" : "01/14/22 00:00:00",
  "value" : "30"
},{
  "dateTime" : "01/15/22 00:00:00",
  "value" : "35"
},{
  "dateTime" : "01/16/22 00:00:00",
  "value" : "9"
},{
  "dateTime" : "01/17/22 00:00:00",
  "value" : "20"
},{
  "dateTime" : "01/18/22 00:00:00",
  "value" : "61"
},{
  "dateTime" : "01/19/22 00:00:00",
  "value" : "53"
},{
  "dateTime" : "01/20/22 00:00:00",
  "value" : "60"
},{
  "dateTime" : "01/21/22 00:00:00",
  "value" : "15"
},{
  "dateTime" : "01/22/22 00:00:00",
  "value" : "315"
}]