[{
  "dateTime" : "11/19/22 00:00:00",
  "value" : "0"
},{
  "dateTime" : "11/20/22 00:00:00",
  "value" : "90"
},{
  "dateTime" : "11/21/22 00:00:00",
  "value" : "30"
},{
  "dateTime" : "11/22/22 00:00:00",
  "value" : "51"
},{
  "dateTime" : "11/23/22 00:00:00",
  "value" : "8"
},{
  "dateTime" : "11/24/22 00:00:00",
  "value" : "24"
},{
  "dateTime" : "11/25/22 00:00:00",
  "value" : "34"
},{
  "dateTime" : "11/26/22 00:00:00",
  "value" : "26"
},{
  "dateTime" : "11/27/22 00:00:00",
  "value" : "3"
},{
  "dateTime" : "11/28/22 00:00:00",
  "value" : "37"
},{
  "dateTime" : "11/29/22 00:00:00",
  "value" : "0"
},{
  "dateTime" : "11/30/22 00:00:00",
  "value" : "47"
},{
  "dateTime" : "12/01/22 00:00:00",
  "value" : "0"
},{
  "dateTime" : "12/02/22 00:00:00",
  "value" : "21"
},{
  "dateTime" : "12/03/22 00:00:00",
  "value" : "0"
},{
  "dateTime" : "12/04/22 00:00:00",
  "value" : "0"
},{
  "dateTime" : "12/05/22 00:00:00",
  "value" : "0"
},{
  "dateTime" : "12/06/22 00:00:00",
  "value" : "0"
},{
  "dateTime" : "12/07/22 00:00:00",
  "value" : "41"
},{
  "dateTime" : "12/08/22 00:00:00",
  "value" : "49"
},{
  "dateTime" : "12/09/22 00:00:00",
  "value" : "0"
},{
  "dateTime" : "12/10/22 00:00:00",
  "value" : "0"
},{
  "dateTime" : "12/11/22 00:00:00",
  "value" : "35"
},{
  "dateTime" : "12/12/22 00:00:00",
  "value" : "7"
},{
  "dateTime" : "12/13/22 00:00:00",
  "value" : "28"
},{
  "dateTime" : "12/14/22 00:00:00",
  "value" : "36"
},{
  "dateTime" : "12/15/22 00:00:00",
  "value" : "59"
},{
  "dateTime" : "12/16/22 00:00:00",
  "value" : "67"
},{
  "dateTime" : "12/17/22 00:00:00",
  "value" : "33"
},{
  "dateTime" : "12/18/22 00:00:00",
  "value" : "0"
}]