[{
  "dateTime" : "03/24/22 00:00:00",
  "value" : "0"
},{
  "dateTime" : "03/25/22 00:00:00",
  "value" : "0"
},{
  "dateTime" : "03/26/22 00:00:00",
  "value" : "12"
},{
  "dateTime" : "03/27/22 00:00:00",
  "value" : "0"
},{
  "dateTime" : "03/28/22 00:00:00",
  "value" : "8"
},{
  "dateTime" : "03/29/22 00:00:00",
  "value" : "33"
},{
  "dateTime" : "03/30/22 00:00:00",
  "value" : "6"
},{
  "dateTime" : "03/31/22 00:00:00",
  "value" : "24"
},{
  "dateTime" : "04/01/22 00:00:00",
  "value" : "0"
},{
  "dateTime" : "04/02/22 00:00:00",
  "value" : "208"
},{
  "dateTime" : "04/03/22 00:00:00",
  "value" : "0"
},{
  "dateTime" : "04/04/22 00:00:00",
  "value" : "18"
},{
  "dateTime" : "04/05/22 00:00:00",
  "value" : "63"
},{
  "dateTime" : "04/06/22 00:00:00",
  "value" : "49"
},{
  "dateTime" : "04/07/22 00:00:00",
  "value" : "58"
},{
  "dateTime" : "04/08/22 00:00:00",
  "value" : "7"
},{
  "dateTime" : "04/09/22 00:00:00",
  "value" : "147"
},{
  "dateTime" : "04/10/22 00:00:00",
  "value" : "12"
},{
  "dateTime" : "04/11/22 00:00:00",
  "value" : "2"
},{
  "dateTime" : "04/12/22 00:00:00",
  "value" : "40"
},{
  "dateTime" : "04/13/22 00:00:00",
  "value" : "15"
},{
  "dateTime" : "04/14/22 00:00:00",
  "value" : "24"
},{
  "dateTime" : "04/15/22 00:00:00",
  "value" : "285"
},{
  "dateTime" : "04/16/22 00:00:00",
  "value" : "236"
},{
  "dateTime" : "04/17/22 00:00:00",
  "value" : "7"
},{
  "dateTime" : "04/18/22 00:00:00",
  "value" : "29"
},{
  "dateTime" : "04/19/22 00:00:00",
  "value" : "0"
},{
  "dateTime" : "04/20/22 00:00:00",
  "value" : "3"
},{
  "dateTime" : "04/21/22 00:00:00",
  "value" : "0"
},{
  "dateTime" : "04/22/22 00:00:00",
  "value" : "66"
}]