[{
  "dateTime" : "10/20/22 00:00:00",
  "value" : "0"
},{
  "dateTime" : "10/21/22 00:00:00",
  "value" : "0"
},{
  "dateTime" : "10/22/22 00:00:00",
  "value" : "0"
},{
  "dateTime" : "10/23/22 00:00:00",
  "value" : "0"
},{
  "dateTime" : "10/24/22 00:00:00",
  "value" : "0"
},{
  "dateTime" : "10/25/22 00:00:00",
  "value" : "0"
},{
  "dateTime" : "10/26/22 00:00:00",
  "value" : "0"
},{
  "dateTime" : "10/27/22 00:00:00",
  "value" : "0"
},{
  "dateTime" : "10/28/22 00:00:00",
  "value" : "0"
},{
  "dateTime" : "10/29/22 00:00:00",
  "value" : "0"
},{
  "dateTime" : "10/30/22 00:00:00",
  "value" : "0"
},{
  "dateTime" : "10/31/22 00:00:00",
  "value" : "0"
},{
  "dateTime" : "11/01/22 00:00:00",
  "value" : "0"
},{
  "dateTime" : "11/02/22 00:00:00",
  "value" : "0"
},{
  "dateTime" : "11/03/22 00:00:00",
  "value" : "0"
},{
  "dateTime" : "11/04/22 00:00:00",
  "value" : "0"
},{
  "dateTime" : "11/05/22 00:00:00",
  "value" : "0"
},{
  "dateTime" : "11/06/22 00:00:00",
  "value" : "0"
},{
  "dateTime" : "11/07/22 00:00:00",
  "value" : "0"
},{
  "dateTime" : "11/08/22 00:00:00",
  "value" : "0"
},{
  "dateTime" : "11/09/22 00:00:00",
  "value" : "9"
},{
  "dateTime" : "11/10/22 00:00:00",
  "value" : "100"
},{
  "dateTime" : "11/11/22 00:00:00",
  "value" : "11"
},{
  "dateTime" : "11/12/22 00:00:00",
  "value" : "0"
},{
  "dateTime" : "11/13/22 00:00:00",
  "value" : "51"
},{
  "dateTime" : "11/14/22 00:00:00",
  "value" : "17"
},{
  "dateTime" : "11/15/22 00:00:00",
  "value" : "69"
},{
  "dateTime" : "11/16/22 00:00:00",
  "value" : "61"
},{
  "dateTime" : "11/17/22 00:00:00",
  "value" : "61"
},{
  "dateTime" : "11/18/22 00:00:00",
  "value" : "11"
}]