[{
  "dateTime" : "12/19/22 00:00:00",
  "value" : "0"
},{
  "dateTime" : "12/20/22 00:00:00",
  "value" : "0"
},{
  "dateTime" : "12/21/22 00:00:00",
  "value" : "173"
},{
  "dateTime" : "12/22/22 00:00:00",
  "value" : "48"
},{
  "dateTime" : "12/23/22 00:00:00",
  "value" : "18"
},{
  "dateTime" : "12/24/22 00:00:00",
  "value" : "104"
},{
  "dateTime" : "12/25/22 00:00:00",
  "value" : "75"
},{
  "dateTime" : "12/26/22 00:00:00",
  "value" : "60"
},{
  "dateTime" : "12/27/22 00:00:00",
  "value" : "0"
},{
  "dateTime" : "12/28/22 00:00:00",
  "value" : "42"
},{
  "dateTime" : "12/29/22 00:00:00",
  "value" : "78"
},{
  "dateTime" : "12/30/22 00:00:00",
  "value" : "40"
},{
  "dateTime" : "12/31/22 00:00:00",
  "value" : "37"
},{
  "dateTime" : "01/01/23 00:00:00",
  "value" : "0"
},{
  "dateTime" : "01/02/23 00:00:00",
  "value" : "26"
},{
  "dateTime" : "01/03/23 00:00:00",
  "value" : "0"
},{
  "dateTime" : "01/04/23 00:00:00",
  "value" : "286"
},{
  "dateTime" : "01/05/23 00:00:00",
  "value" : "6"
},{
  "dateTime" : "01/06/23 00:00:00",
  "value" : "119"
},{
  "dateTime" : "01/07/23 00:00:00",
  "value" : "119"
},{
  "dateTime" : "01/08/23 00:00:00",
  "value" : "114"
},{
  "dateTime" : "01/09/23 00:00:00",
  "value" : "44"
},{
  "dateTime" : "01/10/23 00:00:00",
  "value" : "0"
},{
  "dateTime" : "01/11/23 00:00:00",
  "value" : "171"
},{
  "dateTime" : "01/12/23 00:00:00",
  "value" : "5"
},{
  "dateTime" : "01/13/23 00:00:00",
  "value" : "48"
},{
  "dateTime" : "01/14/23 00:00:00",
  "value" : "97"
},{
  "dateTime" : "01/15/23 00:00:00",
  "value" : "39"
},{
  "dateTime" : "01/16/23 00:00:00",
  "value" : "16"
},{
  "dateTime" : "01/17/23 00:00:00",
  "value" : "0"
}]