[{
  "dateTime" : "05/23/22 00:00:00",
  "value" : "9"
},{
  "dateTime" : "05/24/22 00:00:00",
  "value" : "30"
},{
  "dateTime" : "05/25/22 00:00:00",
  "value" : "15"
},{
  "dateTime" : "05/26/22 00:00:00",
  "value" : "19"
},{
  "dateTime" : "05/27/22 00:00:00",
  "value" : "149"
},{
  "dateTime" : "05/28/22 00:00:00",
  "value" : "33"
},{
  "dateTime" : "05/29/22 00:00:00",
  "value" : "0"
},{
  "dateTime" : "05/30/22 00:00:00",
  "value" : "0"
},{
  "dateTime" : "05/31/22 00:00:00",
  "value" : "11"
},{
  "dateTime" : "06/01/22 00:00:00",
  "value" : "17"
},{
  "dateTime" : "06/02/22 00:00:00",
  "value" : "28"
},{
  "dateTime" : "06/03/22 00:00:00",
  "value" : "93"
},{
  "dateTime" : "06/04/22 00:00:00",
  "value" : "109"
},{
  "dateTime" : "06/05/22 00:00:00",
  "value" : "6"
},{
  "dateTime" : "06/06/22 00:00:00",
  "value" : "0"
},{
  "dateTime" : "06/07/22 00:00:00",
  "value" : "0"
},{
  "dateTime" : "06/08/22 00:00:00",
  "value" : "83"
},{
  "dateTime" : "06/09/22 00:00:00",
  "value" : "8"
},{
  "dateTime" : "06/10/22 00:00:00",
  "value" : "0"
},{
  "dateTime" : "06/11/22 00:00:00",
  "value" : "78"
},{
  "dateTime" : "06/12/22 00:00:00",
  "value" : "9"
},{
  "dateTime" : "06/13/22 00:00:00",
  "value" : "0"
},{
  "dateTime" : "06/14/22 00:00:00",
  "value" : "0"
},{
  "dateTime" : "06/15/22 00:00:00",
  "value" : "50"
},{
  "dateTime" : "06/16/22 00:00:00",
  "value" : "0"
},{
  "dateTime" : "06/17/22 00:00:00",
  "value" : "0"
},{
  "dateTime" : "06/18/22 00:00:00",
  "value" : "0"
},{
  "dateTime" : "06/19/22 00:00:00",
  "value" : "121"
},{
  "dateTime" : "06/20/22 00:00:00",
  "value" : "25"
},{
  "dateTime" : "06/21/22 00:00:00",
  "value" : "26"
}]