[{
  "dateTime" : "02/22/22 00:00:00",
  "value" : "44"
},{
  "dateTime" : "02/23/22 00:00:00",
  "value" : "16"
},{
  "dateTime" : "02/24/22 00:00:00",
  "value" : "259"
},{
  "dateTime" : "02/25/22 00:00:00",
  "value" : "0"
},{
  "dateTime" : "02/26/22 00:00:00",
  "value" : "217"
},{
  "dateTime" : "02/27/22 00:00:00",
  "value" : "16"
},{
  "dateTime" : "02/28/22 00:00:00",
  "value" : "0"
},{
  "dateTime" : "03/01/22 00:00:00",
  "value" : "12"
},{
  "dateTime" : "03/02/22 00:00:00",
  "value" : "24"
},{
  "dateTime" : "03/03/22 00:00:00",
  "value" : "171"
},{
  "dateTime" : "03/04/22 00:00:00",
  "value" : "43"
},{
  "dateTime" : "03/05/22 00:00:00",
  "value" : "105"
},{
  "dateTime" : "03/06/22 00:00:00",
  "value" : "15"
},{
  "dateTime" : "03/07/22 00:00:00",
  "value" : "0"
},{
  "dateTime" : "03/08/22 00:00:00",
  "value" : "0"
},{
  "dateTime" : "03/09/22 00:00:00",
  "value" : "70"
},{
  "dateTime" : "03/10/22 00:00:00",
  "value" : "21"
},{
  "dateTime" : "03/11/22 00:00:00",
  "value" : "38"
},{
  "dateTime" : "03/12/22 00:00:00",
  "value" : "199"
},{
  "dateTime" : "03/13/22 00:00:00",
  "value" : "20"
},{
  "dateTime" : "03/14/22 00:00:00",
  "value" : "48"
},{
  "dateTime" : "03/15/22 00:00:00",
  "value" : "58"
},{
  "dateTime" : "03/16/22 00:00:00",
  "value" : "20"
},{
  "dateTime" : "03/17/22 00:00:00",
  "value" : "22"
},{
  "dateTime" : "03/18/22 00:00:00",
  "value" : "88"
},{
  "dateTime" : "03/19/22 00:00:00",
  "value" : "121"
},{
  "dateTime" : "03/20/22 00:00:00",
  "value" : "17"
},{
  "dateTime" : "03/21/22 00:00:00",
  "value" : "0"
},{
  "dateTime" : "03/22/22 00:00:00",
  "value" : "31"
},{
  "dateTime" : "03/23/22 00:00:00",
  "value" : "0"
}]