[{
  "dateTime" : "01/18/23 00:00:00",
  "value" : "86"
},{
  "dateTime" : "01/19/23 00:00:00",
  "value" : "34"
},{
  "dateTime" : "01/20/23 00:00:00",
  "value" : "178"
},{
  "dateTime" : "01/21/23 00:00:00",
  "value" : "168"
},{
  "dateTime" : "01/22/23 00:00:00",
  "value" : "17"
},{
  "dateTime" : "01/23/23 00:00:00",
  "value" : "40"
},{
  "dateTime" : "01/24/23 00:00:00",
  "value" : "0"
},{
  "dateTime" : "01/25/23 00:00:00",
  "value" : "231"
},{
  "dateTime" : "01/26/23 00:00:00",
  "value" : "10"
},{
  "dateTime" : "01/27/23 00:00:00",
  "value" : "0"
},{
  "dateTime" : "01/28/23 00:00:00",
  "value" : "165"
},{
  "dateTime" : "01/29/23 00:00:00",
  "value" : "75"
},{
  "dateTime" : "01/30/23 00:00:00",
  "value" : "77"
},{
  "dateTime" : "01/31/23 00:00:00",
  "value" : "0"
},{
  "dateTime" : "02/01/23 00:00:00",
  "value" : "5"
},{
  "dateTime" : "02/02/23 00:00:00",
  "value" : "9"
},{
  "dateTime" : "02/03/23 00:00:00",
  "value" : "52"
},{
  "dateTime" : "02/04/23 00:00:00",
  "value" : "2"
},{
  "dateTime" : "02/05/23 00:00:00",
  "value" : "27"
},{
  "dateTime" : "02/06/23 00:00:00",
  "value" : "218"
},{
  "dateTime" : "02/07/23 00:00:00",
  "value" : "0"
},{
  "dateTime" : "02/08/23 00:00:00",
  "value" : "68"
},{
  "dateTime" : "02/09/23 00:00:00",
  "value" : "25"
},{
  "dateTime" : "02/10/23 00:00:00",
  "value" : "115"
},{
  "dateTime" : "02/11/23 00:00:00",
  "value" : "211"
},{
  "dateTime" : "02/12/23 00:00:00",
  "value" : "68"
},{
  "dateTime" : "02/13/23 00:00:00",
  "value" : "54"
},{
  "dateTime" : "02/14/23 00:00:00",
  "value" : "16"
},{
  "dateTime" : "02/15/23 00:00:00",
  "value" : "89"
},{
  "dateTime" : "02/16/23 00:00:00",
  "value" : "255"
}]