[{
  "dateTime" : "04/23/22 00:00:00",
  "value" : "234"
},{
  "dateTime" : "04/24/22 00:00:00",
  "value" : "9"
},{
  "dateTime" : "04/25/22 00:00:00",
  "value" : "0"
},{
  "dateTime" : "04/26/22 00:00:00",
  "value" : "0"
},{
  "dateTime" : "04/27/22 00:00:00",
  "value" : "14"
},{
  "dateTime" : "04/28/22 00:00:00",
  "value" : "36"
},{
  "dateTime" : "04/29/22 00:00:00",
  "value" : "0"
},{
  "dateTime" : "04/30/22 00:00:00",
  "value" : "28"
},{
  "dateTime" : "05/01/22 00:00:00",
  "value" : "97"
},{
  "dateTime" : "05/02/22 00:00:00",
  "value" : "44"
},{
  "dateTime" : "05/03/22 00:00:00",
  "value" : "49"
},{
  "dateTime" : "05/04/22 00:00:00",
  "value" : "9"
},{
  "dateTime" : "05/05/22 00:00:00",
  "value" : "24"
},{
  "dateTime" : "05/06/22 00:00:00",
  "value" : "10"
},{
  "dateTime" : "05/07/22 00:00:00",
  "value" : "170"
},{
  "dateTime" : "05/08/22 00:00:00",
  "value" : "20"
},{
  "dateTime" : "05/09/22 00:00:00",
  "value" : "10"
},{
  "dateTime" : "05/10/22 00:00:00",
  "value" : "4"
},{
  "dateTime" : "05/11/22 00:00:00",
  "value" : "3"
},{
  "dateTime" : "05/12/22 00:00:00",
  "value" : "16"
},{
  "dateTime" : "05/13/22 00:00:00",
  "value" : "0"
},{
  "dateTime" : "05/14/22 00:00:00",
  "value" : "134"
},{
  "dateTime" : "05/15/22 00:00:00",
  "value" : "0"
},{
  "dateTime" : "05/16/22 00:00:00",
  "value" : "26"
},{
  "dateTime" : "05/17/22 00:00:00",
  "value" : "7"
},{
  "dateTime" : "05/18/22 00:00:00",
  "value" : "14"
},{
  "dateTime" : "05/19/22 00:00:00",
  "value" : "10"
},{
  "dateTime" : "05/20/22 00:00:00",
  "value" : "163"
},{
  "dateTime" : "05/21/22 00:00:00",
  "value" : "148"
},{
  "dateTime" : "05/22/22 00:00:00",
  "value" : "12"
}]