[{
  "dateTime" : "12/24/21 00:00:00",
  "value" : {
    "date" : null,
    "value" : 0.0,
    "error" : 0.0
  }
},{
  "dateTime" : "12/25/21 00:00:00",
  "value" : {
    "date" : "12/25/21",
    "value" : 92.0,
    "error" : 100.0
  }
},{
  "dateTime" : "12/26/21 00:00:00",
  "value" : {
    "date" : "12/26/21",
    "value" : 82.90623569488525,
    "error" : 45.405405044555664
  }
},{
  "dateTime" : "12/27/21 00:00:00",
  "value" : {
    "date" : "12/27/21",
    "value" : 77.28558731079102,
    "error" : 30.922279357910156
  }
},{
  "dateTime" : "12/28/21 00:00:00",
  "value" : {
    "date" : "12/28/21",
    "value" : 77.21805953979492,
    "error" : 27.42839527130127
  }
},{
  "dateTime" : "12/29/21 00:00:00",
  "value" : {
    "date" : "12/29/21",
    "value" : 75.99063491821289,
    "error" : 25.343491554260254
  }
},{
  "dateTime" : "12/30/21 00:00:00",
  "value" : {
    "date" : "12/30/21",
    "value" : 72.12305450439453,
    "error" : 11.319635391235352
  }
},{
  "dateTime" : "12/31/21 00:00:00",
  "value" : {
    "date" : "12/31/21",
    "value" : 70.17348289489746,
    "error" : 8.079117774963379
  }
},{
  "dateTime" : "01/01/22 00:00:00",
  "value" : {
    "date" : "01/01/22",
    "value" : 72.09029388427734,
    "error" : 7.1964311599731445
  }
},{
  "dateTime" : "01/02/22 00:00:00",
  "value" : {
    "date" : "01/02/22",
    "value" : 69.64109706878662,
    "error" : 6.920836448669434
  }
},{
  "dateTime" : "01/03/22 00:00:00",
  "value" : {
    "date" : "01/03/22",
    "value" : 68.13825035095215,
    "error" : 6.831219673156738
  }
},{
  "dateTime" : "01/04/22 00:00:00",
  "value" : {
    "date" : "01/04/22",
    "value" : 68.61027240753174,
    "error" : 6.801695823669434
  }
},{
  "dateTime" : "01/05/22 00:00:00",
  "value" : {
    "date" : "01/05/22",
    "value" : 68.7372636795044,
    "error" : 6.791928291320801
  }
},{
  "dateTime" : "01/06/22 00:00:00",
  "value" : {
    "date" : "01/06/22",
    "value" : 68.7712631225586,
    "error" : 6.788691520690918
  }
},{
  "dateTime" : "01/07/22 00:00:00",
  "value" : {
    "date" : "01/07/22",
    "value" : 69.55883502960205,
    "error" : 6.787618637084961
  }
},{
  "dateTime" : "01/08/22 00:00:00",
  "value" : {
    "date" : "01/08/22",
    "value" : 69.43004703521729,
    "error" : 6.787262916564941
  }
},{
  "dateTime" : "01/09/22 00:00:00",
  "value" : {
    "date" : "01/09/22",
    "value" : 69.46831512451172,
    "error" : 6.787145614624023
  }
},{
  "dateTime" : "01/10/22 00:00:00",
  "value" : {
    "date" : "01/10/22",
    "value" : 69.4245662689209,
    "error" : 6.787106513977051
  }
},{
  "dateTime" : "01/11/22 00:00:00",
  "value" : {
    "date" : "01/11/22",
    "value" : 68.08432388305664,
    "error" : 6.787093162536621
  }
},{
  "dateTime" : "01/12/22 00:00:00",
  "value" : {
    "date" : "01/12/22",
    "value" : 69.25989627838135,
    "error" : 6.7870893478393555
  }
},{
  "dateTime" : "01/13/22 00:00:00",
  "value" : {
    "date" : "01/13/22",
    "value" : 69.01165866851807,
    "error" : 6.787087440490723
  }
},{
  "dateTime" : "01/14/22 00:00:00",
  "value" : {
    "date" : "01/14/22",
    "value" : 70.40194988250732,
    "error" : 6.787087440490723
  }
},{
  "dateTime" : "01/15/22 00:00:00",
  "value" : {
    "date" : "01/15/22",
    "value" : 70.62254428863525,
    "error" : 6.787087440490723
  }
},{
  "dateTime" : "01/16/22 00:00:00",
  "value" : {
    "date" : "01/16/22",
    "value" : 69.16302394866943,
    "error" : 6.787087440490723
  }
},{
  "dateTime" : "01/17/22 00:00:00",
  "value" : {
    "date" : "01/17/22",
    "value" : 68.13470363616943,
    "error" : 6.787087440490723
  }
},{
  "dateTime" : "01/18/22 00:00:00",
  "value" : {
    "date" : "01/18/22",
    "value" : 68.14557647705078,
    "error" : 6.787087440490723
  }
},{
  "dateTime" : "01/19/22 00:00:00",
  "value" : {
    "date" : "01/19/22",
    "value" : 68.84487915039062,
    "error" : 6.787087440490723
  }
},{
  "dateTime" : "01/20/22 00:00:00",
  "value" : {
    "date" : "01/20/22",
    "value" : 68.2616138458252,
    "error" : 6.787087440490723
  }
},{
  "dateTime" : "01/21/22 00:00:00",
  "value" : {
    "date" : "01/21/22",
    "value" : 66.90361309051514,
    "error" : 6.787087440490723
  }
},{
  "dateTime" : "01/22/22 00:00:00",
  "value" : {
    "date" : "01/22/22",
    "value" : 65.09951496124268,
    "error" : 6.787087440490723
  }
},{
  "dateTime" : "01/23/22 00:00:00",
  "value" : {
    "date" : "01/23/22",
    "value" : 65.08285427093506,
    "error" : 6.787087440490723
  }
},{
  "dateTime" : "01/24/22 00:00:00",
  "value" : {
    "date" : "01/24/22",
    "value" : 66.60648918151855,
    "error" : 6.787087440490723
  }
},{
  "dateTime" : "01/25/22 00:00:00",
  "value" : {
    "date" : "01/25/22",
    "value" : 67.48380851745605,
    "error" : 6.787087440490723
  }
},{
  "dateTime" : "01/26/22 00:00:00",
  "value" : {
    "date" : "01/26/22",
    "value" : 66.96682357788086,
    "error" : 6.787087440490723
  }
},{
  "dateTime" : "01/27/22 00:00:00",
  "value" : {
    "date" : "01/27/22",
    "value" : 66.1580638885498,
    "error" : 6.787087440490723
  }
},{
  "dateTime" : "01/28/22 00:00:00",
  "value" : {
    "date" : "01/28/22",
    "value" : 67.22560214996338,
    "error" : 6.787087440490723
  }
},{
  "dateTime" : "01/29/22 00:00:00",
  "value" : {
    "date" : "01/29/22",
    "value" : 68.35137462615967,
    "error" : 6.787087440490723
  }
},{
  "dateTime" : "01/30/22 00:00:00",
  "value" : {
    "date" : "01/30/22",
    "value" : 70.53282928466797,
    "error" : 6.787087440490723
  }
},{
  "dateTime" : "01/31/22 00:00:00",
  "value" : {
    "date" : "01/31/22",
    "value" : 71.27785015106201,
    "error" : 6.787087440490723
  }
},{
  "dateTime" : "02/01/22 00:00:00",
  "value" : {
    "date" : "02/01/22",
    "value" : 71.19576263427734,
    "error" : 6.787087440490723
  }
},{
  "dateTime" : "02/02/22 00:00:00",
  "value" : {
    "date" : "02/02/22",
    "value" : 72.80262756347656,
    "error" : 9.511244773864746
  }
},{
  "dateTime" : "02/03/22 00:00:00",
  "value" : {
    "date" : "02/03/22",
    "value" : 71.98540306091309,
    "error" : 7.609650611877441
  }
},{
  "dateTime" : "02/04/22 00:00:00",
  "value" : {
    "date" : "02/04/22",
    "value" : 69.46417236328125,
    "error" : 7.051969528198242
  }
},{
  "dateTime" : "02/05/22 00:00:00",
  "value" : {
    "date" : "02/05/22",
    "value" : 68.6073637008667,
    "error" : 6.874080657958984
  }
},{
  "dateTime" : "02/06/22 00:00:00",
  "value" : {
    "date" : "02/06/22",
    "value" : 69.14928817749023,
    "error" : 6.815839767456055
  }
},{
  "dateTime" : "02/07/22 00:00:00",
  "value" : {
    "date" : "02/07/22",
    "value" : 69.32037544250488,
    "error" : 10.723532676696777
  }
},{
  "dateTime" : "02/08/22 00:00:00",
  "value" : {
    "date" : "02/08/22",
    "value" : 68.40319061279297,
    "error" : 7.930280685424805
  }
},{
  "dateTime" : "02/09/22 00:00:00",
  "value" : {
    "date" : "02/09/22",
    "value" : 69.0630292892456,
    "error" : 7.151139259338379
  }
},{
  "dateTime" : "02/10/22 00:00:00",
  "value" : {
    "date" : "02/10/22",
    "value" : 68.37536239624023,
    "error" : 6.906229019165039
  }
},{
  "dateTime" : "02/11/22 00:00:00",
  "value" : {
    "date" : "02/11/22",
    "value" : 66.96096134185791,
    "error" : 6.826420783996582
  }
},{
  "dateTime" : "02/12/22 00:00:00",
  "value" : {
    "date" : "02/12/22",
    "value" : 69.2254810333252,
    "error" : 6.80010986328125
  }
},{
  "dateTime" : "02/13/22 00:00:00",
  "value" : {
    "date" : "02/13/22",
    "value" : 71.03729724884033,
    "error" : 6.791402816772461
  }
},{
  "dateTime" : "02/14/22 00:00:00",
  "value" : {
    "date" : "02/14/22",
    "value" : 71.05725479125977,
    "error" : 6.788517951965332
  }
},{
  "dateTime" : "02/15/22 00:00:00",
  "value" : {
    "date" : "02/15/22",
    "value" : 69.02429676055908,
    "error" : 6.787561416625977
  }
},{
  "dateTime" : "02/16/22 00:00:00",
  "value" : {
    "date" : "02/16/22",
    "value" : 67.3427324295044,
    "error" : 6.78724479675293
  }
},{
  "dateTime" : "02/17/22 00:00:00",
  "value" : {
    "date" : "02/17/22",
    "value" : 66.88558769226074,
    "error" : 6.787138938903809
  }
},{
  "dateTime" : "02/18/22 00:00:00",
  "value" : {
    "date" : "02/18/22",
    "value" : 67.1334400177002,
    "error" : 6.787104606628418
  }
},{
  "dateTime" : "02/19/22 00:00:00",
  "value" : {
    "date" : "02/19/22",
    "value" : 69.4586296081543,
    "error" : 7.478150367736816
  }
},{
  "dateTime" : "02/20/22 00:00:00",
  "value" : {
    "date" : "02/20/22",
    "value" : 69.11513710021973,
    "error" : 7.010651588439941
  }
},{
  "dateTime" : "02/21/22 00:00:00",
  "value" : {
    "date" : "02/21/22",
    "value" : 68.40966892242432,
    "error" : 6.86061954498291
  }
},{
  "dateTime" : "02/22/22 00:00:00",
  "value" : {
    "date" : "02/22/22",
    "value" : 67.01515197753906,
    "error" : 10.09609317779541
  }
},{
  "dateTime" : "02/23/22 00:00:00",
  "value" : {
    "date" : "02/23/22",
    "value" : 65.48120975494385,
    "error" : 7.767454147338867
  }
},{
  "dateTime" : "02/24/22 00:00:00",
  "value" : {
    "date" : "02/24/22",
    "value" : 64.75965881347656,
    "error" : 7.1010541915893555
  }
},{
  "dateTime" : "02/25/22 00:00:00",
  "value" : {
    "date" : "02/25/22",
    "value" : 65.4079236984253,
    "error" : 6.890021324157715
  }
},{
  "dateTime" : "02/26/22 00:00:00",
  "value" : {
    "date" : "02/26/22",
    "value" : 65.77333641052246,
    "error" : 6.821089744567871
  }
},{
  "dateTime" : "02/27/22 00:00:00",
  "value" : {
    "date" : "02/27/22",
    "value" : 65.98226737976074,
    "error" : 6.798347473144531
  }
},{
  "dateTime" : "02/28/22 00:00:00",
  "value" : {
    "date" : "02/28/22",
    "value" : 65.23298454284668,
    "error" : 6.79081916809082
  }
},{
  "dateTime" : "03/01/22 00:00:00",
  "value" : {
    "date" : "03/01/22",
    "value" : 64.64852523803711,
    "error" : 6.788324356079102
  }
},{
  "dateTime" : "03/02/22 00:00:00",
  "value" : {
    "date" : "03/02/22",
    "value" : 65.33428859710693,
    "error" : 6.787497520446777
  }
},{
  "dateTime" : "03/03/22 00:00:00",
  "value" : {
    "date" : "03/03/22",
    "value" : 66.24020862579346,
    "error" : 6.787222862243652
  }
},{
  "dateTime" : "03/04/22 00:00:00",
  "value" : {
    "date" : "03/04/22",
    "value" : 67.3317232131958,
    "error" : 11.06278133392334
  }
},{
  "dateTime" : "03/05/22 00:00:00",
  "value" : {
    "date" : "03/05/22",
    "value" : 70.23989391326904,
    "error" : 8.482222557067871
  }
},{
  "dateTime" : "03/06/22 00:00:00",
  "value" : {
    "date" : "03/06/22",
    "value" : 69.52412986755371,
    "error" : 7.316801071166992
  }
},{
  "dateTime" : "03/07/22 00:00:00",
  "value" : {
    "date" : "03/07/22",
    "value" : 68.1065502166748,
    "error" : 6.959430694580078
  }
},{
  "dateTime" : "03/08/22 00:00:00",
  "value" : {
    "date" : "03/08/22",
    "value" : 67.31886672973633,
    "error" : 6.843875885009766
  }
},{
  "dateTime" : "03/09/22 00:00:00",
  "value" : {
    "date" : "03/09/22",
    "value" : 66.35812091827393,
    "error" : 6.805877685546875
  }
},{
  "dateTime" : "03/10/22 00:00:00",
  "value" : {
    "date" : "03/10/22",
    "value" : 66.830153465271,
    "error" : 6.793313026428223
  }
},{
  "dateTime" : "03/11/22 00:00:00",
  "value" : {
    "date" : "03/11/22",
    "value" : 68.63529682159424,
    "error" : 6.789151191711426
  }
},{
  "dateTime" : "03/12/22 00:00:00",
  "value" : {
    "date" : "03/12/22",
    "value" : 70.18539428710938,
    "error" : 6.787771224975586
  }
},{
  "dateTime" : "03/13/22 00:00:00",
  "value" : {
    "date" : "03/13/22",
    "value" : 67.84311866760254,
    "error" : 7.42595100402832
  }
},{
  "dateTime" : "03/14/22 00:00:00",
  "value" : {
    "date" : "03/14/22",
    "value" : 65.57329273223877,
    "error" : 6.994144439697266
  }
},{
  "dateTime" : "03/15/22 00:00:00",
  "value" : {
    "date" : "03/15/22",
    "value" : 67.3090763092041,
    "error" : 9.365678787231445
  }
},{
  "dateTime" : "03/16/22 00:00:00",
  "value" : {
    "date" : "03/16/22",
    "value" : 69.47673892974854,
    "error" : 10.151721954345703
  }
},{
  "dateTime" : "03/17/22 00:00:00",
  "value" : {
    "date" : "03/17/22",
    "value" : 70.2586498260498,
    "error" : 7.7821550369262695
  }
},{
  "dateTime" : "03/18/22 00:00:00",
  "value" : {
    "date" : "03/18/22",
    "value" : 67.95003604888916,
    "error" : 7.105599403381348
  }
},{
  "dateTime" : "03/19/22 00:00:00",
  "value" : {
    "date" : "03/19/22",
    "value" : 68.78109931945801,
    "error" : 6.891493797302246
  }
},{
  "dateTime" : "03/20/22 00:00:00",
  "value" : {
    "date" : "03/20/22",
    "value" : 69.76308059692383,
    "error" : 6.8215742111206055
  }
},{
  "dateTime" : "03/21/22 00:00:00",
  "value" : {
    "date" : "03/21/22",
    "value" : 71.34836292266846,
    "error" : 6.7985076904296875
  }
},{
  "dateTime" : "03/22/22 00:00:00",
  "value" : {
    "date" : "03/22/22",
    "value" : 73.6095323562622,
    "error" : 7.683347702026367
  }
},{
  "dateTime" : "03/23/22 00:00:00",
  "value" : {
    "date" : "03/23/22",
    "value" : 76.22220039367676,
    "error" : 7.074960708618164
  }
},{
  "dateTime" : "03/24/22 00:00:00",
  "value" : {
    "date" : "03/24/22",
    "value" : 75.56698799133301,
    "error" : 6.881553649902344
  }
},{
  "dateTime" : "03/25/22 00:00:00",
  "value" : {
    "date" : "03/25/22",
    "value" : 73.14330673217773,
    "error" : 6.818302154541016
  }
},{
  "dateTime" : "03/26/22 00:00:00",
  "value" : {
    "date" : "03/26/22",
    "value" : 71.06581687927246,
    "error" : 8.248729705810547
  }
},{
  "dateTime" : "03/27/22 00:00:00",
  "value" : {
    "date" : "03/27/22",
    "value" : 69.43697261810303,
    "error" : 7.2474822998046875
  }
},{
  "dateTime" : "03/28/22 00:00:00",
  "value" : {
    "date" : "03/28/22",
    "value" : 68.58408451080322,
    "error" : 6.9372453689575195
  }
},{
  "dateTime" : "03/29/22 00:00:00",
  "value" : {
    "date" : "03/29/22",
    "value" : 69.13760662078857,
    "error" : 6.836605072021484
  }
},{
  "dateTime" : "03/30/22 00:00:00",
  "value" : {
    "date" : "03/30/22",
    "value" : 69.45308017730713,
    "error" : 6.803475379943848
  }
},{
  "dateTime" : "03/31/22 00:00:00",
  "value" : {
    "date" : "03/31/22",
    "value" : 68.0996618270874,
    "error" : 6.79251766204834
  }
},{
  "dateTime" : "04/01/22 00:00:00",
  "value" : {
    "date" : "04/01/22",
    "value" : 69.87728691101074,
    "error" : 6.788887023925781
  }
},{
  "dateTime" : "04/02/22 00:00:00",
  "value" : {
    "date" : "04/02/22",
    "value" : 68.34487056732178,
    "error" : 6.787683486938477
  }
},{
  "dateTime" : "04/03/22 00:00:00",
  "value" : {
    "date" : "04/03/22",
    "value" : 68.99587535858154,
    "error" : 6.787284851074219
  }
},{
  "dateTime" : "04/04/22 00:00:00",
  "value" : {
    "date" : "04/04/22",
    "value" : 67.83747100830078,
    "error" : 6.787152290344238
  }
},{
  "dateTime" : "04/05/22 00:00:00",
  "value" : {
    "date" : "04/05/22",
    "value" : 68.19261741638184,
    "error" : 6.787108421325684
  }
},{
  "dateTime" : "04/06/22 00:00:00",
  "value" : {
    "date" : "04/06/22",
    "value" : 70.44041156768799,
    "error" : 7.714825630187988
  }
},{
  "dateTime" : "04/07/22 00:00:00",
  "value" : {
    "date" : "04/07/22",
    "value" : 70.7255392074585,
    "error" : 7.084744453430176
  }
},{
  "dateTime" : "04/08/22 00:00:00",
  "value" : {
    "date" : "04/08/22",
    "value" : 71.91678524017334,
    "error" : 6.884730339050293
  }
},{
  "dateTime" : "04/09/22 00:00:00",
  "value" : {
    "date" : "04/09/22",
    "value" : 73.10250282287598,
    "error" : 6.819347381591797
  }
},{
  "dateTime" : "04/10/22 00:00:00",
  "value" : {
    "date" : "04/10/22",
    "value" : 72.24506282806396,
    "error" : 6.7977705001831055
  }
},{
  "dateTime" : "04/11/22 00:00:00",
  "value" : {
    "date" : "04/11/22",
    "value" : 70.2184066772461,
    "error" : 6.790627479553223
  }
},{
  "dateTime" : "04/12/22 00:00:00",
  "value" : {
    "date" : "04/12/22",
    "value" : 69.46123027801514,
    "error" : 6.788260459899902
  }
},{
  "dateTime" : "04/13/22 00:00:00",
  "value" : {
    "date" : "04/13/22",
    "value" : 67.08314895629883,
    "error" : 6.787476539611816
  }
},{
  "dateTime" : "04/14/22 00:00:00",
  "value" : {
    "date" : "04/14/22",
    "value" : 66.22502899169922,
    "error" : 6.7872161865234375
  }
},{
  "dateTime" : "04/15/22 00:00:00",
  "value" : {
    "date" : "04/15/22",
    "value" : 67.7957010269165,
    "error" : 9.602371215820312
  }
},{
  "dateTime" : "04/16/22 00:00:00",
  "value" : {
    "date" : "04/16/22",
    "value" : 70.16302013397217,
    "error" : 12.348418235778809
  }
},{
  "dateTime" : "04/17/22 00:00:00",
  "value" : {
    "date" : "04/17/22",
    "value" : 72.25959968566895,
    "error" : 14.256763458251953
  }
},{
  "dateTime" : "04/18/22 00:00:00",
  "value" : {
    "date" : "04/18/22",
    "value" : 74.24991035461426,
    "error" : 8.738981246948242
  }
},{
  "dateTime" : "04/19/22 00:00:00",
  "value" : {
    "date" : "04/19/22",
    "value" : 73.344069480896,
    "error" : 7.3917694091796875
  }
},{
  "dateTime" : "04/20/22 00:00:00",
  "value" : {
    "date" : "04/20/22",
    "value" : 72.35779476165771,
    "error" : 6.983302116394043
  }
},{
  "dateTime" : "04/21/22 00:00:00",
  "value" : {
    "date" : "04/21/22",
    "value" : 72.84434127807617,
    "error" : 6.851686477661133
  }
},{
  "dateTime" : "04/22/22 00:00:00",
  "value" : {
    "date" : "04/22/22",
    "value" : 71.58272361755371,
    "error" : 6.808455467224121
  }
},{
  "dateTime" : "04/23/22 00:00:00",
  "value" : {
    "date" : "04/23/22",
    "value" : 73.9291353225708,
    "error" : 6.794166564941406
  }
},{
  "dateTime" : "04/24/22 00:00:00",
  "value" : {
    "date" : "04/24/22",
    "value" : 74.2557315826416,
    "error" : 6.789433479309082
  }
},{
  "dateTime" : "04/25/22 00:00:00",
  "value" : {
    "date" : "04/25/22",
    "value" : 73.42142868041992,
    "error" : 6.787864685058594
  }
},{
  "dateTime" : "04/26/22 00:00:00",
  "value" : {
    "date" : "04/26/22",
    "value" : 73.45220375061035,
    "error" : 6.787344932556152
  }
},{
  "dateTime" : "04/27/22 00:00:00",
  "value" : {
    "date" : "04/27/22",
    "value" : 71.93667602539062,
    "error" : 6.787172317504883
  }
},{
  "dateTime" : "04/28/22 00:00:00",
  "value" : {
    "date" : "04/28/22",
    "value" : 71.42179489135742,
    "error" : 6.787115097045898
  }
},{
  "dateTime" : "04/29/22 00:00:00",
  "value" : {
    "date" : "04/29/22",
    "value" : 70.25649356842041,
    "error" : 6.78709602355957
  }
},{
  "dateTime" : "04/30/22 00:00:00",
  "value" : {
    "date" : "04/30/22",
    "value" : 71.11873531341553,
    "error" : 6.787090301513672
  }
},{
  "dateTime" : "05/01/22 00:00:00",
  "value" : {
    "date" : "05/01/22",
    "value" : 72.63737106323242,
    "error" : 6.787088394165039
  }
},{
  "dateTime" : "05/02/22 00:00:00",
  "value" : {
    "date" : "05/02/22",
    "value" : 73.00073623657227,
    "error" : 6.787087440490723
  }
},{
  "dateTime" : "05/03/22 00:00:00",
  "value" : {
    "date" : "05/03/22",
    "value" : 73.58677673339844,
    "error" : 10.800167083740234
  }
},{
  "dateTime" : "05/04/22 00:00:00",
  "value" : {
    "date" : "05/04/22",
    "value" : 75.9351634979248,
    "error" : 7.9497270584106445
  }
},{
  "dateTime" : "05/05/22 00:00:00",
  "value" : {
    "date" : "05/05/22",
    "value" : 73.76530265808105,
    "error" : 7.157083511352539
  }
},{
  "dateTime" : "05/06/22 00:00:00",
  "value" : {
    "date" : "05/06/22",
    "value" : 71.8818130493164,
    "error" : 9.10414981842041
  }
},{
  "dateTime" : "05/07/22 00:00:00",
  "value" : {
    "date" : "05/07/22",
    "value" : 74.33054637908936,
    "error" : 7.496188163757324
  }
},{
  "dateTime" : "05/08/22 00:00:00",
  "value" : {
    "date" : "05/08/22",
    "value" : 74.68739795684814,
    "error" : 11.280940055847168
  }
},{
  "dateTime" : "05/09/22 00:00:00",
  "value" : {
    "date" : "05/09/22",
    "value" : 75.48240280151367,
    "error" : 14.5109224319458
  }
},{
  "dateTime" : "05/10/22 00:00:00",
  "value" : {
    "date" : "05/10/22",
    "value" : 73.72792339324951,
    "error" : 8.790949821472168
  }
},{
  "dateTime" : "05/11/22 00:00:00",
  "value" : {
    "date" : "05/11/22",
    "value" : 73.6196231842041,
    "error" : 7.40678596496582
  }
},{
  "dateTime" : "05/12/22 00:00:00",
  "value" : {
    "date" : "05/12/22",
    "value" : 71.45990562438965,
    "error" : 6.988068580627441
  }
},{
  "dateTime" : "05/13/22 00:00:00",
  "value" : {
    "date" : "05/13/22",
    "value" : 71.81509685516357,
    "error" : 6.853244781494141
  }
},{
  "dateTime" : "05/14/22 00:00:00",
  "value" : {
    "date" : "05/14/22",
    "value" : 73.04228496551514,
    "error" : 6.808969497680664
  }
},{
  "dateTime" : "05/15/22 00:00:00",
  "value" : {
    "date" : "05/15/22",
    "value" : 73.5742712020874,
    "error" : 10.717873573303223
  }
},{
  "dateTime" : "05/16/22 00:00:00",
  "value" : {
    "date" : "05/16/22",
    "value" : 70.6651201248169,
    "error" : 8.227256774902344
  }
},{
  "dateTime" : "05/17/22 00:00:00",
  "value" : {
    "date" : "05/17/22",
    "value" : 70.30958271026611,
    "error" : 7.241052627563477
  }
},{
  "dateTime" : "05/18/22 00:00:00",
  "value" : {
    "date" : "05/18/22",
    "value" : 71.68985366821289,
    "error" : 6.935181617736816
  }
},{
  "dateTime" : "05/19/22 00:00:00",
  "value" : {
    "date" : "05/19/22",
    "value" : 71.1222972869873,
    "error" : 6.835927963256836
  }
},{
  "dateTime" : "05/20/22 00:00:00",
  "value" : {
    "date" : "05/20/22",
    "value" : 71.10615634918213,
    "error" : 6.803252220153809
  }
},{
  "dateTime" : "05/21/22 00:00:00",
  "value" : {
    "date" : "05/21/22",
    "value" : 70.5854139328003,
    "error" : 6.79244327545166
  }
},{
  "dateTime" : "05/22/22 00:00:00",
  "value" : {
    "date" : "05/22/22",
    "value" : 70.28589916229248,
    "error" : 6.788862228393555
  }
},{
  "dateTime" : "05/23/22 00:00:00",
  "value" : {
    "date" : "05/23/22",
    "value" : 71.64686012268066,
    "error" : 6.787675857543945
  }
},{
  "dateTime" : "05/24/22 00:00:00",
  "value" : {
    "date" : "05/24/22",
    "value" : 72.65195846557617,
    "error" : 11.063179969787598
  }
},{
  "dateTime" : "05/25/22 00:00:00",
  "value" : {
    "date" : "05/25/22",
    "value" : 74.40446376800537,
    "error" : 13.377179145812988
  }
},{
  "dateTime" : "05/26/22 00:00:00",
  "value" : {
    "date" : "05/26/22",
    "value" : 71.98554039001465,
    "error" : 8.55319881439209
  }
},{
  "dateTime" : "05/27/22 00:00:00",
  "value" : {
    "date" : "05/27/22",
    "value" : 69.91464233398438,
    "error" : 7.337655067443848
  }
},{
  "dateTime" : "05/28/22 00:00:00",
  "value" : {
    "date" : "05/28/22",
    "value" : 70.056715965271,
    "error" : 6.966083526611328
  }
},{
  "dateTime" : "05/29/22 00:00:00",
  "value" : {
    "date" : "05/29/22",
    "value" : 71.01192855834961,
    "error" : 6.8460540771484375
  }
},{
  "dateTime" : "05/30/22 00:00:00",
  "value" : {
    "date" : "05/30/22",
    "value" : 69.50509643554688,
    "error" : 6.806596755981445
  }
},{
  "dateTime" : "05/31/22 00:00:00",
  "value" : {
    "date" : "05/31/22",
    "value" : 70.00346946716309,
    "error" : 10.715919494628906
  }
},{
  "dateTime" : "06/01/22 00:00:00",
  "value" : {
    "date" : "06/01/22",
    "value" : 69.3450345993042,
    "error" : 7.928342819213867
  }
},{
  "dateTime" : "06/02/22 00:00:00",
  "value" : {
    "date" : "06/02/22",
    "value" : 70.6607894897461,
    "error" : 7.150547027587891
  }
},{
  "dateTime" : "06/03/22 00:00:00",
  "value" : {
    "date" : "06/03/22",
    "value" : 72.40370273590088,
    "error" : 6.906037330627441
  }
},{
  "dateTime" : "06/04/22 00:00:00",
  "value" : {
    "date" : "06/04/22",
    "value" : 71.3267650604248,
    "error" : 6.826357841491699
  }
},{
  "dateTime" : "06/05/22 00:00:00",
  "value" : {
    "date" : "06/05/22",
    "value" : 71.38905143737793,
    "error" : 10.732195854187012
  }
},{
  "dateTime" : "06/06/22 00:00:00",
  "value" : {
    "date" : "06/06/22",
    "value" : 70.04332828521729,
    "error" : 7.932483673095703
  }
},{
  "dateTime" : "06/07/22 00:00:00",
  "value" : {
    "date" : "06/07/22",
    "value" : 67.81594562530518,
    "error" : 7.151813507080078
  }
},{
  "dateTime" : "06/08/22 00:00:00",
  "value" : {
    "date" : "06/08/22",
    "value" : 67.66656494140625,
    "error" : 6.90644645690918
  }
},{
  "dateTime" : "06/09/22 00:00:00",
  "value" : {
    "date" : "06/09/22",
    "value" : 68.09669017791748,
    "error" : 6.8264923095703125
  }
},{
  "dateTime" : "06/10/22 00:00:00",
  "value" : {
    "date" : "06/10/22",
    "value" : 66.80617332458496,
    "error" : 6.80013370513916
  }
},{
  "dateTime" : "06/11/22 00:00:00",
  "value" : {
    "date" : "06/11/22",
    "value" : 68.96669292449951,
    "error" : 7.988055229187012
  }
},{
  "dateTime" : "06/12/22 00:00:00",
  "value" : {
    "date" : "06/12/22",
    "value" : 70.45531749725342,
    "error" : 7.16877555847168
  }
},{
  "dateTime" : "06/13/22 00:00:00",
  "value" : {
    "date" : "06/13/22",
    "value" : 71.7680025100708,
    "error" : 6.911922454833984
  }
},{
  "dateTime" : "06/14/22 00:00:00",
  "value" : {
    "date" : "06/14/22",
    "value" : 71.57907104492188,
    "error" : 6.828291893005371
  }
},{
  "dateTime" : "06/15/22 00:00:00",
  "value" : {
    "date" : "06/15/22",
    "value" : 69.32037353515625,
    "error" : 6.800728797912598
  }
},{
  "dateTime" : "06/16/22 00:00:00",
  "value" : {
    "date" : "06/16/22",
    "value" : 68.02346706390381,
    "error" : 6.791607856750488
  }
},{
  "dateTime" : "06/17/22 00:00:00",
  "value" : {
    "date" : "06/17/22",
    "value" : 66.25502109527588,
    "error" : 6.788585662841797
  }
},{
  "dateTime" : "06/18/22 00:00:00",
  "value" : {
    "date" : "06/18/22",
    "value" : 67.2815055847168,
    "error" : 6.78758430480957
  }
},{
  "dateTime" : "06/19/22 00:00:00",
  "value" : {
    "date" : "06/19/22",
    "value" : 67.87250232696533,
    "error" : 6.7872514724731445
  }
},{
  "dateTime" : "06/20/22 00:00:00",
  "value" : {
    "date" : "06/20/22",
    "value" : 68.55639839172363,
    "error" : 11.062806129455566
  }
},{
  "dateTime" : "06/21/22 00:00:00",
  "value" : {
    "date" : "06/21/22",
    "value" : 69.21925354003906,
    "error" : 8.015669822692871
  }
},{
  "dateTime" : "06/22/22 00:00:00",
  "value" : {
    "date" : "06/22/22",
    "value" : 68.4345293045044,
    "error" : 7.177180290222168
  }
},{
  "dateTime" : "06/23/22 00:00:00",
  "value" : {
    "date" : "06/23/22",
    "value" : 68.01764106750488,
    "error" : 6.914633750915527
  }
},{
  "dateTime" : "06/24/22 00:00:00",
  "value" : {
    "date" : "06/24/22",
    "value" : 68.81233406066895,
    "error" : 6.8291826248168945
  }
},{
  "dateTime" : "06/25/22 00:00:00",
  "value" : {
    "date" : "06/25/22",
    "value" : 68.75382995605469,
    "error" : 6.801022529602051
  }
},{
  "dateTime" : "06/26/22 00:00:00",
  "value" : {
    "date" : "06/26/22",
    "value" : 66.67454528808594,
    "error" : 6.791705131530762
  }
},{
  "dateTime" : "06/27/22 00:00:00",
  "value" : {
    "date" : "06/27/22",
    "value" : 68.03437805175781,
    "error" : 6.788618087768555
  }
},{
  "dateTime" : "06/28/22 00:00:00",
  "value" : {
    "date" : "06/28/22",
    "value" : 68.30601787567139,
    "error" : 6.787594795227051
  }
},{
  "dateTime" : "06/29/22 00:00:00",
  "value" : {
    "date" : "06/29/22",
    "value" : 68.97350120544434,
    "error" : 6.78725528717041
  }
},{
  "dateTime" : "06/30/22 00:00:00",
  "value" : {
    "date" : null,
    "value" : 0.0,
    "error" : 0.0
  }
},{
  "dateTime" : "07/01/22 00:00:00",
  "value" : {
    "date" : null,
    "value" : 0.0,
    "error" : 0.0
  }
},{
  "dateTime" : "07/02/22 00:00:00",
  "value" : {
    "date" : null,
    "value" : 0.0,
    "error" : 0.0
  }
},{
  "dateTime" : "07/03/22 00:00:00",
  "value" : {
    "date" : null,
    "value" : 0.0,
    "error" : 0.0
  }
},{
  "dateTime" : "07/04/22 00:00:00",
  "value" : {
    "date" : null,
    "value" : 0.0,
    "error" : 0.0
  }
},{
  "dateTime" : "07/05/22 00:00:00",
  "value" : {
    "date" : null,
    "value" : 0.0,
    "error" : 0.0
  }
},{
  "dateTime" : "07/06/22 00:00:00",
  "value" : {
    "date" : "07/06/22",
    "value" : 69.96512794494629,
    "error" : 16.18762493133545
  }
},{
  "dateTime" : "07/07/22 00:00:00",
  "value" : {
    "date" : "07/07/22",
    "value" : 71.23255348205566,
    "error" : 18.956296920776367
  }
},{
  "dateTime" : "07/08/22 00:00:00",
  "value" : {
    "date" : "07/08/22",
    "value" : 68.47093963623047,
    "error" : 9.592999458312988
  }
},{
  "dateTime" : "07/09/22 00:00:00",
  "value" : {
    "date" : "07/09/22",
    "value" : 70.29224586486816,
    "error" : 7.632072448730469
  }
},{
  "dateTime" : "07/10/22 00:00:00",
  "value" : {
    "date" : "07/10/22",
    "value" : 70.90791988372803,
    "error" : 11.472631454467773
  }
},{
  "dateTime" : "07/11/22 00:00:00",
  "value" : {
    "date" : "07/11/22",
    "value" : 70.38623428344727,
    "error" : 8.116437911987305
  }
},{
  "dateTime" : "07/12/22 00:00:00",
  "value" : {
    "date" : "07/12/22",
    "value" : 70.70071697235107,
    "error" : 7.207715034484863
  }
},{
  "dateTime" : "07/13/22 00:00:00",
  "value" : {
    "date" : "07/13/22",
    "value" : 70.34531879425049,
    "error" : 6.924468040466309
  }
},{
  "dateTime" : "07/14/22 00:00:00",
  "value" : {
    "date" : "07/14/22",
    "value" : 72.20436477661133,
    "error" : 6.832411766052246
  }
},{
  "dateTime" : "07/15/22 00:00:00",
  "value" : {
    "date" : "07/15/22",
    "value" : 69.67938423156738,
    "error" : 6.802090644836426
  }
},{
  "dateTime" : "07/16/22 00:00:00",
  "value" : {
    "date" : "07/16/22",
    "value" : 70.3759708404541,
    "error" : 11.075876235961914
  }
},{
  "dateTime" : "07/17/22 00:00:00",
  "value" : {
    "date" : "07/17/22",
    "value" : 71.93866062164307,
    "error" : 8.01892375946045
  }
},{
  "dateTime" : "07/18/22 00:00:00",
  "value" : {
    "date" : "07/18/22",
    "value" : 73.1769552230835,
    "error" : 7.178170204162598
  }
},{
  "dateTime" : "07/19/22 00:00:00",
  "value" : {
    "date" : null,
    "value" : 0.0,
    "error" : 0.0
  }
},{
  "dateTime" : "07/20/22 00:00:00",
  "value" : {
    "date" : "07/20/22",
    "value" : 72.2318344116211,
    "error" : 7.226317405700684
  }
},{
  "dateTime" : "07/21/22 00:00:00",
  "value" : {
    "date" : "07/21/22",
    "value" : 71.73479175567627,
    "error" : 6.930449485778809
  }
},{
  "dateTime" : "07/22/22 00:00:00",
  "value" : {
    "date" : null,
    "value" : 0.0,
    "error" : 0.0
  }
},{
  "dateTime" : "07/23/22 00:00:00",
  "value" : {
    "date" : "07/23/22",
    "value" : 72.42277908325195,
    "error" : 12.063833236694336
  }
},{
  "dateTime" : "07/24/22 00:00:00",
  "value" : {
    "date" : "07/24/22",
    "value" : 69.86664867401123,
    "error" : 8.257400512695312
  }
},{
  "dateTime" : "07/25/22 00:00:00",
  "value" : {
    "date" : "07/25/22",
    "value" : 70.41841888427734,
    "error" : 7.2500762939453125
  }
},{
  "dateTime" : "07/26/22 00:00:00",
  "value" : {
    "date" : "07/26/22",
    "value" : 68.61739826202393,
    "error" : 6.938076972961426
  }
},{
  "dateTime" : "07/27/22 00:00:00",
  "value" : {
    "date" : "07/27/22",
    "value" : 69.23434257507324,
    "error" : 11.059455871582031
  }
},{
  "dateTime" : "07/28/22 00:00:00",
  "value" : {
    "date" : null,
    "value" : 0.0,
    "error" : 0.0
  }
},{
  "dateTime" : "07/29/22 00:00:00",
  "value" : {
    "date" : "07/29/22",
    "value" : 70.04240417480469,
    "error" : 15.021944046020508
  }
},{
  "dateTime" : "07/30/22 00:00:00",
  "value" : {
    "date" : "07/30/22",
    "value" : 70.92953109741211,
    "error" : 17.089755058288574
  }
},{
  "dateTime" : "07/31/22 00:00:00",
  "value" : {
    "date" : "07/31/22",
    "value" : 71.06877708435059,
    "error" : 18.556130409240723
  }
},{
  "dateTime" : "08/01/22 00:00:00",
  "value" : {
    "date" : "08/01/22",
    "value" : 71.7955265045166,
    "error" : 9.528183937072754
  }
},{
  "dateTime" : "08/02/22 00:00:00",
  "value" : {
    "date" : null,
    "value" : 0.0,
    "error" : 0.0
  }
},{
  "dateTime" : "08/03/22 00:00:00",
  "value" : {
    "date" : null,
    "value" : 0.0,
    "error" : 0.0
  }
},{
  "dateTime" : "08/04/22 00:00:00",
  "value" : {
    "date" : "08/04/22",
    "value" : 72.5550127029419,
    "error" : 14.504976272583008
  }
},{
  "dateTime" : "08/05/22 00:00:00",
  "value" : {
    "date" : "08/05/22",
    "value" : 73.05089378356934,
    "error" : 16.697373390197754
  }
},{
  "dateTime" : "08/06/22 00:00:00",
  "value" : {
    "date" : "08/06/22",
    "value" : 74.55145263671875,
    "error" : 19.36330223083496
  }
},{
  "dateTime" : "08/07/22 00:00:00",
  "value" : {
    "date" : "08/07/22",
    "value" : 76.09484672546387,
    "error" : 9.657604217529297
  }
},{
  "dateTime" : "08/08/22 00:00:00",
  "value" : {
    "date" : null,
    "value" : 0.0,
    "error" : 0.0
  }
},{
  "dateTime" : "08/09/22 00:00:00",
  "value" : {
    "date" : null,
    "value" : 0.0,
    "error" : 0.0
  }
},{
  "dateTime" : "08/10/22 00:00:00",
  "value" : {
    "date" : null,
    "value" : 0.0,
    "error" : 0.0
  }
},{
  "dateTime" : "08/11/22 00:00:00",
  "value" : {
    "date" : null,
    "value" : 0.0,
    "error" : 0.0
  }
},{
  "dateTime" : "08/12/22 00:00:00",
  "value" : {
    "date" : null,
    "value" : 0.0,
    "error" : 0.0
  }
},{
  "dateTime" : "08/13/22 00:00:00",
  "value" : {
    "date" : null,
    "value" : 0.0,
    "error" : 0.0
  }
},{
  "dateTime" : "08/14/22 00:00:00",
  "value" : {
    "date" : null,
    "value" : 0.0,
    "error" : 0.0
  }
},{
  "dateTime" : "08/15/22 00:00:00",
  "value" : {
    "date" : null,
    "value" : 0.0,
    "error" : 0.0
  }
},{
  "dateTime" : "08/16/22 00:00:00",
  "value" : {
    "date" : null,
    "value" : 0.0,
    "error" : 0.0
  }
},{
  "dateTime" : "08/17/22 00:00:00",
  "value" : {
    "date" : null,
    "value" : 0.0,
    "error" : 0.0
  }
},{
  "dateTime" : "08/18/22 00:00:00",
  "value" : {
    "date" : null,
    "value" : 0.0,
    "error" : 0.0
  }
},{
  "dateTime" : "08/19/22 00:00:00",
  "value" : {
    "date" : null,
    "value" : 0.0,
    "error" : 0.0
  }
},{
  "dateTime" : "08/20/22 00:00:00",
  "value" : {
    "date" : null,
    "value" : 0.0,
    "error" : 0.0
  }
},{
  "dateTime" : "08/21/22 00:00:00",
  "value" : {
    "date" : "08/21/22",
    "value" : 77.3242883682251,
    "error" : 22.733248710632324
  }
},{
  "dateTime" : "08/22/22 00:00:00",
  "value" : {
    "date" : null,
    "value" : 0.0,
    "error" : 0.0
  }
},{
  "dateTime" : "08/23/22 00:00:00",
  "value" : {
    "date" : null,
    "value" : 0.0,
    "error" : 0.0
  }
},{
  "dateTime" : "08/24/22 00:00:00",
  "value" : {
    "date" : null,
    "value" : 0.0,
    "error" : 0.0
  }
},{
  "dateTime" : "08/25/22 00:00:00",
  "value" : {
    "date" : null,
    "value" : 0.0,
    "error" : 0.0
  }
},{
  "dateTime" : "08/26/22 00:00:00",
  "value" : {
    "date" : null,
    "value" : 0.0,
    "error" : 0.0
  }
},{
  "dateTime" : "08/27/22 00:00:00",
  "value" : {
    "date" : null,
    "value" : 0.0,
    "error" : 0.0
  }
},{
  "dateTime" : "08/28/22 00:00:00",
  "value" : {
    "date" : null,
    "value" : 0.0,
    "error" : 0.0
  }
},{
  "dateTime" : "08/29/22 00:00:00",
  "value" : {
    "date" : null,
    "value" : 0.0,
    "error" : 0.0
  }
},{
  "dateTime" : "08/30/22 00:00:00",
  "value" : {
    "date" : null,
    "value" : 0.0,
    "error" : 0.0
  }
},{
  "dateTime" : "08/31/22 00:00:00",
  "value" : {
    "date" : null,
    "value" : 0.0,
    "error" : 0.0
  }
},{
  "dateTime" : "09/01/22 00:00:00",
  "value" : {
    "date" : null,
    "value" : 0.0,
    "error" : 0.0
  }
},{
  "dateTime" : "09/02/22 00:00:00",
  "value" : {
    "date" : null,
    "value" : 0.0,
    "error" : 0.0
  }
},{
  "dateTime" : "09/03/22 00:00:00",
  "value" : {
    "date" : null,
    "value" : 0.0,
    "error" : 0.0
  }
},{
  "dateTime" : "09/04/22 00:00:00",
  "value" : {
    "date" : null,
    "value" : 0.0,
    "error" : 0.0
  }
},{
  "dateTime" : "09/05/22 00:00:00",
  "value" : {
    "date" : null,
    "value" : 0.0,
    "error" : 0.0
  }
},{
  "dateTime" : "09/06/22 00:00:00",
  "value" : {
    "date" : null,
    "value" : 0.0,
    "error" : 0.0
  }
},{
  "dateTime" : "09/07/22 00:00:00",
  "value" : {
    "date" : null,
    "value" : 0.0,
    "error" : 0.0
  }
},{
  "dateTime" : "09/08/22 00:00:00",
  "value" : {
    "date" : null,
    "value" : 0.0,
    "error" : 0.0
  }
},{
  "dateTime" : "09/09/22 00:00:00",
  "value" : {
    "date" : null,
    "value" : 0.0,
    "error" : 0.0
  }
},{
  "dateTime" : "09/10/22 00:00:00",
  "value" : {
    "date" : null,
    "value" : 0.0,
    "error" : 0.0
  }
},{
  "dateTime" : "09/11/22 00:00:00",
  "value" : {
    "date" : null,
    "value" : 0.0,
    "error" : 0.0
  }
},{
  "dateTime" : "09/12/22 00:00:00",
  "value" : {
    "date" : null,
    "value" : 0.0,
    "error" : 0.0
  }
},{
  "dateTime" : "09/13/22 00:00:00",
  "value" : {
    "date" : "09/13/22",
    "value" : 78.00718402862549,
    "error" : 34.80928993225098
  }
},{
  "dateTime" : "09/14/22 00:00:00",
  "value" : {
    "date" : "09/14/22",
    "value" : 75.64727878570557,
    "error" : 11.412949562072754
  }
},{
  "dateTime" : "09/15/22 00:00:00",
  "value" : {
    "date" : null,
    "value" : 0.0,
    "error" : 0.0
  }
},{
  "dateTime" : "09/16/22 00:00:00",
  "value" : {
    "date" : null,
    "value" : 0.0,
    "error" : 0.0
  }
},{
  "dateTime" : "09/17/22 00:00:00",
  "value" : {
    "date" : null,
    "value" : 0.0,
    "error" : 0.0
  }
},{
  "dateTime" : "09/18/22 00:00:00",
  "value" : {
    "date" : null,
    "value" : 0.0,
    "error" : 0.0
  }
},{
  "dateTime" : "09/19/22 00:00:00",
  "value" : {
    "date" : null,
    "value" : 0.0,
    "error" : 0.0
  }
},{
  "dateTime" : "09/20/22 00:00:00",
  "value" : {
    "date" : null,
    "value" : 0.0,
    "error" : 0.0
  }
},{
  "dateTime" : "09/21/22 00:00:00",
  "value" : {
    "date" : null,
    "value" : 0.0,
    "error" : 0.0
  }
},{
  "dateTime" : "09/22/22 00:00:00",
  "value" : {
    "date" : null,
    "value" : 0.0,
    "error" : 0.0
  }
},{
  "dateTime" : "09/23/22 00:00:00",
  "value" : {
    "date" : null,
    "value" : 0.0,
    "error" : 0.0
  }
},{
  "dateTime" : "09/24/22 00:00:00",
  "value" : {
    "date" : "09/24/22",
    "value" : 75.35124969482422,
    "error" : 20.846055030822754
  }
},{
  "dateTime" : "09/25/22 00:00:00",
  "value" : {
    "date" : "09/25/22",
    "value" : 74.12197875976562,
    "error" : 22.041619300842285
  }
},{
  "dateTime" : "09/26/22 00:00:00",
  "value" : {
    "date" : "09/26/22",
    "value" : 71.45658111572266,
    "error" : 10.052268028259277
  }
},{
  "dateTime" : "09/27/22 00:00:00",
  "value" : {
    "date" : "09/27/22",
    "value" : 71.17442512512207,
    "error" : 13.323409080505371
  }
},{
  "dateTime" : "09/28/22 00:00:00",
  "value" : {
    "date" : "09/28/22",
    "value" : 72.03748607635498,
    "error" : 16.006502151489258
  }
},{
  "dateTime" : "09/29/22 00:00:00",
  "value" : {
    "date" : "09/29/22",
    "value" : 71.4964370727539,
    "error" : 9.082296371459961
  }
},{
  "dateTime" : "09/30/22 00:00:00",
  "value" : {
    "date" : null,
    "value" : 0.0,
    "error" : 0.0
  }
},{
  "dateTime" : "10/01/22 00:00:00",
  "value" : {
    "date" : "10/01/22",
    "value" : 71.32425689697266,
    "error" : 13.346930503845215
  }
},{
  "dateTime" : "10/02/22 00:00:00",
  "value" : {
    "date" : "10/02/22",
    "value" : 71.68966579437256,
    "error" : 15.841403007507324
  }
},{
  "dateTime" : "10/03/22 00:00:00",
  "value" : {
    "date" : null,
    "value" : 0.0,
    "error" : 0.0
  }
},{
  "dateTime" : "10/04/22 00:00:00",
  "value" : {
    "date" : null,
    "value" : 0.0,
    "error" : 0.0
  }
},{
  "dateTime" : "10/05/22 00:00:00",
  "value" : {
    "date" : null,
    "value" : 0.0,
    "error" : 0.0
  }
},{
  "dateTime" : "10/06/22 00:00:00",
  "value" : {
    "date" : null,
    "value" : 0.0,
    "error" : 0.0
  }
},{
  "dateTime" : "10/07/22 00:00:00",
  "value" : {
    "date" : null,
    "value" : 0.0,
    "error" : 0.0
  }
},{
  "dateTime" : "10/08/22 00:00:00",
  "value" : {
    "date" : null,
    "value" : 0.0,
    "error" : 0.0
  }
},{
  "dateTime" : "10/09/22 00:00:00",
  "value" : {
    "date" : null,
    "value" : 0.0,
    "error" : 0.0
  }
},{
  "dateTime" : "10/10/22 00:00:00",
  "value" : {
    "date" : null,
    "value" : 0.0,
    "error" : 0.0
  }
},{
  "dateTime" : "10/11/22 00:00:00",
  "value" : {
    "date" : null,
    "value" : 0.0,
    "error" : 0.0
  }
},{
  "dateTime" : "10/12/22 00:00:00",
  "value" : {
    "date" : null,
    "value" : 0.0,
    "error" : 0.0
  }
},{
  "dateTime" : "10/13/22 00:00:00",
  "value" : {
    "date" : null,
    "value" : 0.0,
    "error" : 0.0
  }
},{
  "dateTime" : "10/14/22 00:00:00",
  "value" : {
    "date" : null,
    "value" : 0.0,
    "error" : 0.0
  }
},{
  "dateTime" : "10/15/22 00:00:00",
  "value" : {
    "date" : null,
    "value" : 0.0,
    "error" : 0.0
  }
},{
  "dateTime" : "10/16/22 00:00:00",
  "value" : {
    "date" : null,
    "value" : 0.0,
    "error" : 0.0
  }
},{
  "dateTime" : "10/17/22 00:00:00",
  "value" : {
    "date" : null,
    "value" : 0.0,
    "error" : 0.0
  }
},{
  "dateTime" : "10/18/22 00:00:00",
  "value" : {
    "date" : null,
    "value" : 0.0,
    "error" : 0.0
  }
},{
  "dateTime" : "10/19/22 00:00:00",
  "value" : {
    "date" : null,
    "value" : 0.0,
    "error" : 0.0
  }
},{
  "dateTime" : "10/20/22 00:00:00",
  "value" : {
    "date" : null,
    "value" : 0.0,
    "error" : 0.0
  }
},{
  "dateTime" : "10/21/22 00:00:00",
  "value" : {
    "date" : null,
    "value" : 0.0,
    "error" : 0.0
  }
},{
  "dateTime" : "10/22/22 00:00:00",
  "value" : {
    "date" : null,
    "value" : 0.0,
    "error" : 0.0
  }
},{
  "dateTime" : "10/23/22 00:00:00",
  "value" : {
    "date" : null,
    "value" : 0.0,
    "error" : 0.0
  }
},{
  "dateTime" : "10/24/22 00:00:00",
  "value" : {
    "date" : null,
    "value" : 0.0,
    "error" : 0.0
  }
},{
  "dateTime" : "10/25/22 00:00:00",
  "value" : {
    "date" : null,
    "value" : 0.0,
    "error" : 0.0
  }
},{
  "dateTime" : "10/26/22 00:00:00",
  "value" : {
    "date" : null,
    "value" : 0.0,
    "error" : 0.0
  }
},{
  "dateTime" : "10/27/22 00:00:00",
  "value" : {
    "date" : null,
    "value" : 0.0,
    "error" : 0.0
  }
},{
  "dateTime" : "10/28/22 00:00:00",
  "value" : {
    "date" : null,
    "value" : 0.0,
    "error" : 0.0
  }
},{
  "dateTime" : "10/29/22 00:00:00",
  "value" : {
    "date" : null,
    "value" : 0.0,
    "error" : 0.0
  }
},{
  "dateTime" : "10/30/22 00:00:00",
  "value" : {
    "date" : null,
    "value" : 0.0,
    "error" : 0.0
  }
},{
  "dateTime" : "10/31/22 00:00:00",
  "value" : {
    "date" : null,
    "value" : 0.0,
    "error" : 0.0
  }
},{
  "dateTime" : "11/01/22 00:00:00",
  "value" : {
    "date" : null,
    "value" : 0.0,
    "error" : 0.0
  }
},{
  "dateTime" : "11/02/22 00:00:00",
  "value" : {
    "date" : null,
    "value" : 0.0,
    "error" : 0.0
  }
},{
  "dateTime" : "11/03/22 00:00:00",
  "value" : {
    "date" : null,
    "value" : 0.0,
    "error" : 0.0
  }
},{
  "dateTime" : "11/04/22 00:00:00",
  "value" : {
    "date" : null,
    "value" : 0.0,
    "error" : 0.0
  }
},{
  "dateTime" : "11/05/22 00:00:00",
  "value" : {
    "date" : null,
    "value" : 0.0,
    "error" : 0.0
  }
},{
  "dateTime" : "11/06/22 00:00:00",
  "value" : {
    "date" : null,
    "value" : 0.0,
    "error" : 0.0
  }
},{
  "dateTime" : "11/07/22 00:00:00",
  "value" : {
    "date" : null,
    "value" : 0.0,
    "error" : 0.0
  }
},{
  "dateTime" : "11/08/22 00:00:00",
  "value" : {
    "date" : "11/08/22",
    "value" : 72.02192878723145,
    "error" : 38.148282051086426
  }
},{
  "dateTime" : "11/09/22 00:00:00",
  "value" : {
    "date" : "11/09/22",
    "value" : 69.58014583587646,
    "error" : 11.671894073486328
  }
},{
  "dateTime" : "11/10/22 00:00:00",
  "value" : {
    "date" : "11/10/22",
    "value" : 68.5033130645752,
    "error" : 8.164518356323242
  }
},{
  "dateTime" : "11/11/22 00:00:00",
  "value" : {
    "date" : "11/11/22",
    "value" : 70.97357559204102,
    "error" : 7.222209930419922
  }
},{
  "dateTime" : "11/12/22 00:00:00",
  "value" : {
    "date" : "11/12/22",
    "value" : 72.0650863647461,
    "error" : 6.929129600524902
  }
},{
  "dateTime" : "11/13/22 00:00:00",
  "value" : {
    "date" : "11/13/22",
    "value" : 73.03561782836914,
    "error" : 6.833942413330078
  }
},{
  "dateTime" : "11/14/22 00:00:00",
  "value" : {
    "date" : "11/14/22",
    "value" : 71.69376277923584,
    "error" : 6.802596092224121
  }
},{
  "dateTime" : "11/15/22 00:00:00",
  "value" : {
    "date" : "11/15/22",
    "value" : 70.9235897064209,
    "error" : 6.7922258377075195
  }
},{
  "dateTime" : "11/16/22 00:00:00",
  "value" : {
    "date" : "11/16/22",
    "value" : 70.99179458618164,
    "error" : 6.788790702819824
  }
},{
  "dateTime" : "11/17/22 00:00:00",
  "value" : {
    "date" : "11/17/22",
    "value" : 73.46106433868408,
    "error" : 7.029688835144043
  }
},{
  "dateTime" : "11/18/22 00:00:00",
  "value" : {
    "date" : "11/18/22",
    "value" : 74.3092098236084,
    "error" : 11.276089668273926
  }
},{
  "dateTime" : "11/19/22 00:00:00",
  "value" : {
    "date" : "11/19/22",
    "value" : 73.89810562133789,
    "error" : 8.068431854248047
  }
},{
  "dateTime" : "11/20/22 00:00:00",
  "value" : {
    "date" : "11/20/22",
    "value" : 71.5497932434082,
    "error" : 7.193195343017578
  }
},{
  "dateTime" : "11/21/22 00:00:00",
  "value" : {
    "date" : "11/21/22",
    "value" : 70.82742023468018,
    "error" : 6.919794082641602
  }
},{
  "dateTime" : "11/22/22 00:00:00",
  "value" : {
    "date" : "11/22/22",
    "value" : 71.96585178375244,
    "error" : 6.830877304077148
  }
},{
  "dateTime" : "11/23/22 00:00:00",
  "value" : {
    "date" : "11/23/22",
    "value" : 73.63979053497314,
    "error" : 6.801583290100098
  }
},{
  "dateTime" : "11/24/22 00:00:00",
  "value" : {
    "date" : "11/24/22",
    "value" : 73.39602375030518,
    "error" : 10.71178913116455
  }
},{
  "dateTime" : "11/25/22 00:00:00",
  "value" : {
    "date" : "11/25/22",
    "value" : 73.11020374298096,
    "error" : 13.837542533874512
  }
},{
  "dateTime" : "11/26/22 00:00:00",
  "value" : {
    "date" : "11/26/22",
    "value" : 73.96919536590576,
    "error" : 8.651605606079102
  }
},{
  "dateTime" : "11/27/22 00:00:00",
  "value" : {
    "date" : "11/27/22",
    "value" : 72.64100551605225,
    "error" : 7.366402626037598
  }
},{
  "dateTime" : "11/28/22 00:00:00",
  "value" : {
    "date" : "11/28/22",
    "value" : 73.5381031036377,
    "error" : 6.975238800048828
  }
},{
  "dateTime" : "11/29/22 00:00:00",
  "value" : {
    "date" : "11/29/22",
    "value" : 73.51921367645264,
    "error" : 6.8490495681762695
  }
},{
  "dateTime" : "11/30/22 00:00:00",
  "value" : {
    "date" : "11/30/22",
    "value" : 73.5084753036499,
    "error" : 6.807585716247559
  }
},{
  "dateTime" : "12/01/22 00:00:00",
  "value" : {
    "date" : "12/01/22",
    "value" : 73.50231838226318,
    "error" : 6.793878555297852
  }
},{
  "dateTime" : "12/02/22 00:00:00",
  "value" : {
    "date" : "12/02/22",
    "value" : 73.91740131378174,
    "error" : 10.70544147491455
  }
},{
  "dateTime" : "12/03/22 00:00:00",
  "value" : {
    "date" : "12/03/22",
    "value" : 73.33101654052734,
    "error" : 13.832618713378906
  }
},{
  "dateTime" : "12/04/22 00:00:00",
  "value" : {
    "date" : null,
    "value" : 0.0,
    "error" : 0.0
  }
},{
  "dateTime" : "12/05/22 00:00:00",
  "value" : {
    "date" : "12/05/22",
    "value" : 73.7207088470459,
    "error" : 16.936902046203613
  }
},{
  "dateTime" : "12/06/22 00:00:00",
  "value" : {
    "date" : "12/06/22",
    "value" : 71.54045295715332,
    "error" : 17.088787078857422
  }
},{
  "dateTime" : "12/07/22 00:00:00",
  "value" : {
    "date" : "12/07/22",
    "value" : 72.90231037139893,
    "error" : 19.674429893493652
  }
},{
  "dateTime" : "12/08/22 00:00:00",
  "value" : {
    "date" : "12/08/22",
    "value" : 72.53035068511963,
    "error" : 9.7061185836792
  }
},{
  "dateTime" : "12/09/22 00:00:00",
  "value" : {
    "date" : null,
    "value" : 0.0,
    "error" : 0.0
  }
},{
  "dateTime" : "12/10/22 00:00:00",
  "value" : {
    "date" : null,
    "value" : 0.0,
    "error" : 0.0
  }
},{
  "dateTime" : "12/11/22 00:00:00",
  "value" : {
    "date" : "12/11/22",
    "value" : 73.09302616119385,
    "error" : 14.60301685333252
  }
},{
  "dateTime" : "12/12/22 00:00:00",
  "value" : {
    "date" : "12/12/22",
    "value" : 72.68926048278809,
    "error" : 16.769168853759766
  }
},{
  "dateTime" : "12/13/22 00:00:00",
  "value" : {
    "date" : "12/13/22",
    "value" : 70.37537097930908,
    "error" : 9.221983909606934
  }
},{
  "dateTime" : "12/14/22 00:00:00",
  "value" : {
    "date" : "12/14/22",
    "value" : 68.84567070007324,
    "error" : 12.075299263000488
  }
},{
  "dateTime" : "12/15/22 00:00:00",
  "value" : {
    "date" : "12/15/22",
    "value" : 68.13541030883789,
    "error" : 8.260085105895996
  }
},{
  "dateTime" : "12/16/22 00:00:00",
  "value" : {
    "date" : "12/16/22",
    "value" : 70.09645366668701,
    "error" : 11.374713897705078
  }
},{
  "dateTime" : "12/17/22 00:00:00",
  "value" : {
    "date" : "12/17/22",
    "value" : 71.81487655639648,
    "error" : 8.092594146728516
  }
},{
  "dateTime" : "12/18/22 00:00:00",
  "value" : {
    "date" : "12/18/22",
    "value" : 70.94390296936035,
    "error" : 7.200509071350098
  }
},{
  "dateTime" : "12/19/22 00:00:00",
  "value" : {
    "date" : null,
    "value" : 0.0,
    "error" : 0.0
  }
},{
  "dateTime" : "12/20/22 00:00:00",
  "value" : {
    "date" : "12/20/22",
    "value" : 70.84399127960205,
    "error" : 7.233029365539551
  }
},{
  "dateTime" : "12/21/22 00:00:00",
  "value" : {
    "date" : "12/21/22",
    "value" : 68.33796215057373,
    "error" : 6.932605743408203
  }
},{
  "dateTime" : "12/22/22 00:00:00",
  "value" : {
    "date" : "12/22/22",
    "value" : 67.45243263244629,
    "error" : 6.8350830078125
  }
},{
  "dateTime" : "12/23/22 00:00:00",
  "value" : {
    "date" : "12/23/22",
    "value" : 66.94757843017578,
    "error" : 6.802972793579102
  }
}]