[{
  "dateTime" : "12/24/22 00:00:00",
  "value" : {
    "date" : "12/24/22",
    "value" : 67.50378704071045,
    "error" : 10.71829605102539
  }
},{
  "dateTime" : "12/25/22 00:00:00",
  "value" : {
    "date" : "12/25/22",
    "value" : 68.68110179901123,
    "error" : 7.928948402404785
  }
},{
  "dateTime" : "12/26/22 00:00:00",
  "value" : {
    "date" : "12/26/22",
    "value" : 70.52406597137451,
    "error" : 11.130179405212402
  }
},{
  "dateTime" : "12/27/22 00:00:00",
  "value" : {
    "date" : null,
    "value" : 0.0,
    "error" : 0.0
  }
},{
  "dateTime" : "12/28/22 00:00:00",
  "value" : {
    "date" : "12/28/22",
    "value" : 69.56783771514893,
    "error" : 8.272906303405762
  }
},{
  "dateTime" : "12/29/22 00:00:00",
  "value" : {
    "date" : "12/29/22",
    "value" : 70.80173587799072,
    "error" : 7.254711151123047
  }
},{
  "dateTime" : "12/30/22 00:00:00",
  "value" : {
    "date" : "12/30/22",
    "value" : 69.35663318634033,
    "error" : 6.939563751220703
  }
},{
  "dateTime" : "12/31/22 00:00:00",
  "value" : {
    "date" : "12/31/22",
    "value" : 68.55035591125488,
    "error" : 6.83736515045166
  }
},{
  "dateTime" : "01/01/23 00:00:00",
  "value" : {
    "date" : "01/01/23",
    "value" : 70.27462768554688,
    "error" : 10.311589241027832
  }
},{
  "dateTime" : "01/02/23 00:00:00",
  "value" : {
    "date" : "01/02/23",
    "value" : 68.31392002105713,
    "error" : 7.824112892150879
  }
},{
  "dateTime" : "01/03/23 00:00:00",
  "value" : {
    "date" : "01/03/23",
    "value" : 67.93839836120605,
    "error" : 7.118546485900879
  }
},{
  "dateTime" : "01/04/23 00:00:00",
  "value" : {
    "date" : "01/04/23",
    "value" : 68.54111289978027,
    "error" : 11.08421516418457
  }
},{
  "dateTime" : "01/05/23 00:00:00",
  "value" : {
    "date" : "01/05/23",
    "value" : 66.79610824584961,
    "error" : 8.020998001098633
  }
},{
  "dateTime" : "01/06/23 00:00:00",
  "value" : {
    "date" : "01/06/23",
    "value" : 67.63898468017578,
    "error" : 7.178800582885742
  }
},{
  "dateTime" : "01/07/23 00:00:00",
  "value" : {
    "date" : "01/07/23",
    "value" : 67.0451774597168,
    "error" : 6.915155410766602
  }
},{
  "dateTime" : "01/08/23 00:00:00",
  "value" : {
    "date" : "01/08/23",
    "value" : 65.63225269317627,
    "error" : 6.829354286193848
  }
},{
  "dateTime" : "01/09/23 00:00:00",
  "value" : {
    "date" : "01/09/23",
    "value" : 66.92549705505371,
    "error" : 6.801079750061035
  }
},{
  "dateTime" : "01/10/23 00:00:00",
  "value" : {
    "date" : "01/10/23",
    "value" : 67.66800212860107,
    "error" : 6.79172420501709
  }
},{
  "dateTime" : "01/11/23 00:00:00",
  "value" : {
    "date" : "01/11/23",
    "value" : 68.73360633850098,
    "error" : 11.06674575805664
  }
},{
  "dateTime" : "01/12/23 00:00:00",
  "value" : {
    "date" : "01/12/23",
    "value" : 68.70409107208252,
    "error" : 8.016651153564453
  }
},{
  "dateTime" : "01/13/23 00:00:00",
  "value" : {
    "date" : "01/13/23",
    "value" : 68.15043258666992,
    "error" : 7.177478790283203
  }
},{
  "dateTime" : "01/14/23 00:00:00",
  "value" : {
    "date" : "01/14/23",
    "value" : 68.37700462341309,
    "error" : 6.914730072021484
  }
},{
  "dateTime" : "01/15/23 00:00:00",
  "value" : {
    "date" : "01/15/23",
    "value" : 69.68308067321777,
    "error" : 10.348589897155762
  }
},{
  "dateTime" : "01/16/23 00:00:00",
  "value" : {
    "date" : "01/16/23",
    "value" : 69.77925777435303,
    "error" : 7.833763122558594
  }
},{
  "dateTime" : "01/17/23 00:00:00",
  "value" : {
    "date" : "01/17/23",
    "value" : 67.6833963394165,
    "error" : 9.060569763183594
  }
},{
  "dateTime" : "01/18/23 00:00:00",
  "value" : {
    "date" : "01/18/23",
    "value" : 65.32935047149658,
    "error" : 7.483860015869141
  }
},{
  "dateTime" : "01/19/23 00:00:00",
  "value" : {
    "date" : "01/19/23",
    "value" : 65.73945140838623,
    "error" : 7.012454032897949
  }
},{
  "dateTime" : "01/20/23 00:00:00",
  "value" : {
    "date" : "01/20/23",
    "value" : 64.41487407684326,
    "error" : 6.861207008361816
  }
},{
  "dateTime" : "01/21/23 00:00:00",
  "value" : {
    "date" : "01/21/23",
    "value" : 66.59157848358154,
    "error" : 7.990077972412109
  }
},{
  "dateTime" : "01/22/23 00:00:00",
  "value" : {
    "date" : "01/22/23",
    "value" : 68.06486129760742,
    "error" : 7.169391632080078
  }
},{
  "dateTime" : "01/23/23 00:00:00",
  "value" : {
    "date" : "01/23/23",
    "value" : 68.32831573486328,
    "error" : 6.912121772766113
  }
},{
  "dateTime" : "01/24/23 00:00:00",
  "value" : {
    "date" : "01/24/23",
    "value" : 69.55592727661133,
    "error" : 6.828356742858887
  }
},{
  "dateTime" : "01/25/23 00:00:00",
  "value" : {
    "date" : null,
    "value" : 0.0,
    "error" : 0.0
  }
},{
  "dateTime" : "01/26/23 00:00:00",
  "value" : {
    "date" : "01/26/23",
    "value" : 68.09152126312256,
    "error" : 7.119853973388672
  }
},{
  "dateTime" : "01/27/23 00:00:00",
  "value" : {
    "date" : null,
    "value" : 0.0,
    "error" : 0.0
  }
},{
  "dateTime" : "01/28/23 00:00:00",
  "value" : {
    "date" : "01/28/23",
    "value" : 69.0364122390747,
    "error" : 12.228538513183594
  }
},{
  "dateTime" : "01/29/23 00:00:00",
  "value" : {
    "date" : "01/29/23",
    "value" : 68.84886837005615,
    "error" : 8.295778274536133
  }
},{
  "dateTime" : "01/30/23 00:00:00",
  "value" : {
    "date" : "01/30/23",
    "value" : 68.7698221206665,
    "error" : 7.261539459228516
  }
},{
  "dateTime" : "01/31/23 00:00:00",
  "value" : {
    "date" : null,
    "value" : 0.0,
    "error" : 0.0
  }
},{
  "dateTime" : "02/01/23 00:00:00",
  "value" : {
    "date" : "02/01/23",
    "value" : 67.63464546203613,
    "error" : 7.251314163208008
  }
},{
  "dateTime" : "02/02/23 00:00:00",
  "value" : {
    "date" : "02/02/23",
    "value" : 68.26976108551025,
    "error" : 11.363614082336426
  }
},{
  "dateTime" : "02/03/23 00:00:00",
  "value" : {
    "date" : "02/03/23",
    "value" : 69.0836820602417,
    "error" : 8.089881896972656
  }
},{
  "dateTime" : "02/04/23 00:00:00",
  "value" : {
    "date" : "02/04/23",
    "value" : 70.72033500671387,
    "error" : 11.24924087524414
  }
},{
  "dateTime" : "02/05/23 00:00:00",
  "value" : {
    "date" : "02/05/23",
    "value" : 69.68961143493652,
    "error" : 8.06182861328125
  }
},{
  "dateTime" : "02/06/23 00:00:00",
  "value" : {
    "date" : "02/06/23",
    "value" : 68.69195365905762,
    "error" : 7.191193580627441
  }
},{
  "dateTime" : "02/07/23 00:00:00",
  "value" : {
    "date" : "02/07/23",
    "value" : 68.68449115753174,
    "error" : 6.919149398803711
  }
},{
  "dateTime" : "02/08/23 00:00:00",
  "value" : {
    "date" : "02/08/23",
    "value" : 68.16595268249512,
    "error" : 6.830665588378906
  }
},{
  "dateTime" : "02/09/23 00:00:00",
  "value" : {
    "date" : "02/09/23",
    "value" : 68.70589065551758,
    "error" : 10.735742568969727
  }
},{
  "dateTime" : "02/10/23 00:00:00",
  "value" : {
    "date" : "02/10/23",
    "value" : 67.49563694000244,
    "error" : 7.933384895324707
  }
},{
  "dateTime" : "02/11/23 00:00:00",
  "value" : {
    "date" : "02/11/23",
    "value" : 68.56124496459961,
    "error" : 7.1520891189575195
  }
},{
  "dateTime" : "02/12/23 00:00:00",
  "value" : {
    "date" : "02/12/23",
    "value" : 70.32387924194336,
    "error" : 10.549593925476074
  }
},{
  "dateTime" : "02/13/23 00:00:00",
  "value" : {
    "date" : "02/13/23",
    "value" : 71.88629913330078,
    "error" : 7.885790824890137
  }
},{
  "dateTime" : "02/14/23 00:00:00",
  "value" : {
    "date" : "02/14/23",
    "value" : 70.08283424377441,
    "error" : 9.99207592010498
  }
},{
  "dateTime" : "02/15/23 00:00:00",
  "value" : {
    "date" : "02/15/23",
    "value" : 69.05197334289551,
    "error" : 7.739823341369629
  }
},{
  "dateTime" : "02/16/23 00:00:00",
  "value" : {
    "date" : "02/16/23",
    "value" : 69.95288181304932,
    "error" : 7.092498779296875
  }
},{
  "dateTime" : "02/17/23 00:00:00",
  "value" : {
    "date" : "02/17/23",
    "value" : 70.44823265075684,
    "error" : 10.950912475585938
  }
},{
  "dateTime" : "02/18/23 00:00:00",
  "value" : {
    "date" : "02/18/23",
    "value" : 70.76579570770264,
    "error" : 7.987709045410156
  }
},{
  "dateTime" : "02/19/23 00:00:00",
  "value" : {
    "date" : "02/19/23",
    "value" : 73.24575805664062,
    "error" : 7.90953254699707
  }
},{
  "dateTime" : "02/20/23 00:00:00",
  "value" : {
    "date" : "02/20/23",
    "value" : 72.81858825683594,
    "error" : 7.14478874206543
  }
},{
  "dateTime" : "02/21/23 00:00:00",
  "value" : {
    "date" : "02/21/23",
    "value" : 71.55034637451172,
    "error" : 6.904176712036133
  }
},{
  "dateTime" : "02/22/23 00:00:00",
  "value" : {
    "date" : "02/22/23",
    "value" : 69.29559421539307,
    "error" : 6.825745582580566
  }
},{
  "dateTime" : "02/23/23 00:00:00",
  "value" : {
    "date" : "02/23/23",
    "value" : 67.84491348266602,
    "error" : 9.931092262268066
  }
},{
  "dateTime" : "02/24/23 00:00:00",
  "value" : {
    "date" : "02/24/23",
    "value" : 68.24546813964844,
    "error" : 7.723537445068359
  }
},{
  "dateTime" : "02/25/23 00:00:00",
  "value" : {
    "date" : "02/25/23",
    "value" : 66.02478694915771,
    "error" : 8.56821060180664
  }
},{
  "dateTime" : "02/26/23 00:00:00",
  "value" : {
    "date" : "02/26/23",
    "value" : 67.24077320098877,
    "error" : 7.342052459716797
  }
},{
  "dateTime" : "02/27/23 00:00:00",
  "value" : {
    "date" : "02/27/23",
    "value" : 67.86520099639893,
    "error" : 6.967485427856445
  }
},{
  "dateTime" : "02/28/23 00:00:00",
  "value" : {
    "date" : "02/28/23",
    "value" : 67.18048858642578,
    "error" : 6.846512794494629
  }
},{
  "dateTime" : "03/01/23 00:00:00",
  "value" : {
    "date" : "03/01/23",
    "value" : 68.32871437072754,
    "error" : 6.8067474365234375
  }
},{
  "dateTime" : "03/02/23 00:00:00",
  "value" : {
    "date" : "03/02/23",
    "value" : 67.45248603820801,
    "error" : 6.793601036071777
  }
},{
  "dateTime" : "03/03/23 00:00:00",
  "value" : {
    "date" : "03/03/23",
    "value" : 66.23289394378662,
    "error" : 6.789246559143066
  }
},{
  "dateTime" : "03/04/23 00:00:00",
  "value" : {
    "date" : "03/04/23",
    "value" : 64.2020206451416,
    "error" : 6.787802696228027
  }
},{
  "dateTime" : "03/05/23 00:00:00",
  "value" : {
    "date" : "03/05/23",
    "value" : 66.099365234375,
    "error" : 6.787323951721191
  }
},{
  "dateTime" : "03/06/23 00:00:00",
  "value" : {
    "date" : "03/06/23",
    "value" : 67.90733051300049,
    "error" : 6.787165641784668
  }
},{
  "dateTime" : "03/07/23 00:00:00",
  "value" : {
    "date" : "03/07/23",
    "value" : 67.2106876373291,
    "error" : 6.787113189697266
  }
},{
  "dateTime" : "03/08/23 00:00:00",
  "value" : {
    "date" : "03/08/23",
    "value" : 65.1741132736206,
    "error" : 6.78709602355957
  }
},{
  "dateTime" : "03/09/23 00:00:00",
  "value" : {
    "date" : "03/09/23",
    "value" : 65.12580871582031,
    "error" : 6.787090301513672
  }
},{
  "dateTime" : "03/10/23 00:00:00",
  "value" : {
    "date" : "03/10/23",
    "value" : 66.12014675140381,
    "error" : 6.787088394165039
  }
},{
  "dateTime" : "03/11/23 00:00:00",
  "value" : {
    "date" : "03/11/23",
    "value" : 64.13731384277344,
    "error" : 6.787087440490723
  }
},{
  "dateTime" : "03/12/23 00:00:00",
  "value" : {
    "date" : "03/12/23",
    "value" : 64.01773643493652,
    "error" : 6.787087440490723
  }
},{
  "dateTime" : "03/13/23 00:00:00",
  "value" : {
    "date" : "03/13/23",
    "value" : 64.45995903015137,
    "error" : 6.787087440490723
  }
},{
  "dateTime" : "03/14/23 00:00:00",
  "value" : {
    "date" : "03/14/23",
    "value" : 64.7145938873291,
    "error" : 6.787087440490723
  }
},{
  "dateTime" : "03/15/23 00:00:00",
  "value" : {
    "date" : "03/15/23",
    "value" : 66.00116729736328,
    "error" : 10.26819133758545
  }
},{
  "dateTime" : "03/16/23 00:00:00",
  "value" : {
    "date" : "03/16/23",
    "value" : 63.77678203582764,
    "error" : 7.812765121459961
  }
},{
  "dateTime" : "03/17/23 00:00:00",
  "value" : {
    "date" : "03/17/23",
    "value" : 62.74020862579346,
    "error" : 7.115048408508301
  }
},{
  "dateTime" : "03/18/23 00:00:00",
  "value" : {
    "date" : "03/18/23",
    "value" : 62.7015962600708,
    "error" : 6.89455509185791
  }
},{
  "dateTime" : "03/19/23 00:00:00",
  "value" : {
    "date" : "03/19/23",
    "value" : 64.22109699249268,
    "error" : 6.8225812911987305
  }
},{
  "dateTime" : "03/20/23 00:00:00",
  "value" : {
    "date" : "03/20/23",
    "value" : 65.08963298797607,
    "error" : 6.798840522766113
  }
},{
  "dateTime" : "03/21/23 00:00:00",
  "value" : {
    "date" : "03/21/23",
    "value" : 65.58852672576904,
    "error" : 6.790982246398926
  }
},{
  "dateTime" : "03/22/23 00:00:00",
  "value" : {
    "date" : "03/22/23",
    "value" : 65.87556171417236,
    "error" : 6.788378715515137
  }
},{
  "dateTime" : "03/23/23 00:00:00",
  "value" : {
    "date" : "03/23/23",
    "value" : 66.49004936218262,
    "error" : 10.994485855102539
  }
},{
  "dateTime" : "03/24/23 00:00:00",
  "value" : {
    "date" : "03/24/23",
    "value" : 66.97987937927246,
    "error" : 7.998620986938477
  }
},{
  "dateTime" : "03/25/23 00:00:00",
  "value" : {
    "date" : "03/25/23",
    "value" : 65.03928184509277,
    "error" : 7.171993255615234
  }
},{
  "dateTime" : "03/26/23 00:00:00",
  "value" : {
    "date" : "03/26/23",
    "value" : 65.04833698272705,
    "error" : 6.912961006164551
  }
},{
  "dateTime" : "03/27/23 00:00:00",
  "value" : {
    "date" : "03/27/23",
    "value" : 65.5676212310791,
    "error" : 6.8286333084106445
  }
},{
  "dateTime" : "03/28/23 00:00:00",
  "value" : {
    "date" : "03/28/23",
    "value" : 66.88829231262207,
    "error" : 6.800841331481934
  }
},{
  "dateTime" : "03/29/23 00:00:00",
  "value" : {
    "date" : "03/29/23",
    "value" : 69.18083953857422,
    "error" : 6.791645050048828
  }
},{
  "dateTime" : "03/30/23 00:00:00",
  "value" : {
    "date" : "03/30/23",
    "value" : 66.92133140563965,
    "error" : 6.78859806060791
  }
},{
  "dateTime" : "03/31/23 00:00:00",
  "value" : {
    "date" : "03/31/23",
    "value" : 65.62069797515869,
    "error" : 6.787588119506836
  }
},{
  "dateTime" : "04/01/23 00:00:00",
  "value" : {
    "date" : "04/01/23",
    "value" : 63.412179946899414,
    "error" : 7.833925247192383
  }
},{
  "dateTime" : "04/02/23 00:00:00",
  "value" : {
    "date" : "04/02/23",
    "value" : 64.00866222381592,
    "error" : 11.555459976196289
  }
},{
  "dateTime" : "04/03/23 00:00:00",
  "value" : {
    "date" : "04/03/23",
    "value" : 65.15610980987549,
    "error" : 8.136495590209961
  }
},{
  "dateTime" : "04/04/23 00:00:00",
  "value" : {
    "date" : "04/04/23",
    "value" : 65.54713153839111,
    "error" : 11.800176620483398
  }
},{
  "dateTime" : "04/05/23 00:00:00",
  "value" : {
    "date" : "04/05/23",
    "value" : 66.34682655334473,
    "error" : 8.19516372680664
  }
},{
  "dateTime" : "04/06/23 00:00:00",
  "value" : {
    "date" : "04/06/23",
    "value" : 66.31140327453613,
    "error" : 11.847494125366211
  }
},{
  "dateTime" : "04/07/23 00:00:00",
  "value" : {
    "date" : "04/07/23",
    "value" : 63.81582450866699,
    "error" : 8.206406593322754
  }
},{
  "dateTime" : "04/08/23 00:00:00",
  "value" : {
    "date" : "04/08/23",
    "value" : 63.8337287902832,
    "error" : 7.234799385070801
  }
},{
  "dateTime" : "04/09/23 00:00:00",
  "value" : {
    "date" : "04/09/23",
    "value" : 64.36520481109619,
    "error" : 6.933174133300781
  }
},{
  "dateTime" : "04/10/23 00:00:00",
  "value" : {
    "date" : "04/10/23",
    "value" : 64.94756603240967,
    "error" : 10.885753631591797
  }
},{
  "dateTime" : "04/11/23 00:00:00",
  "value" : {
    "date" : "04/11/23",
    "value" : 65.60395240783691,
    "error" : 7.971335411071777
  }
},{
  "dateTime" : "04/12/23 00:00:00",
  "value" : {
    "date" : "04/12/23",
    "value" : 68.05768489837646,
    "error" : 7.163679122924805
  }
},{
  "dateTime" : "04/13/23 00:00:00",
  "value" : {
    "date" : "04/13/23",
    "value" : 66.24275875091553,
    "error" : 6.9102783203125
  }
},{
  "dateTime" : "04/14/23 00:00:00",
  "value" : {
    "date" : "04/14/23",
    "value" : 66.25227546691895,
    "error" : 6.827751159667969
  }
},{
  "dateTime" : "04/15/23 00:00:00",
  "value" : {
    "date" : "04/15/23",
    "value" : 67.28188800811768,
    "error" : 6.800549507141113
  }
},{
  "dateTime" : "04/16/23 00:00:00",
  "value" : {
    "date" : "04/16/23",
    "value" : 67.86083507537842,
    "error" : 10.783611297607422
  }
},{
  "dateTime" : "04/17/23 00:00:00",
  "value" : {
    "date" : "04/17/23",
    "value" : 67.66668796539307,
    "error" : 7.945533752441406
  }
},{
  "dateTime" : "04/18/23 00:00:00",
  "value" : {
    "date" : "04/18/23",
    "value" : 68.65634822845459,
    "error" : 7.1558027267456055
  }
},{
  "dateTime" : "04/19/23 00:00:00",
  "value" : {
    "date" : "04/19/23",
    "value" : 68.66427040100098,
    "error" : 6.9077348709106445
  }
},{
  "dateTime" : "04/20/23 00:00:00",
  "value" : {
    "date" : "04/20/23",
    "value" : 67.64056968688965,
    "error" : 6.826915740966797
  }
},{
  "dateTime" : "04/21/23 00:00:00",
  "value" : {
    "date" : "04/21/23",
    "value" : 68.25749969482422,
    "error" : 11.047340393066406
  }
},{
  "dateTime" : "04/22/23 00:00:00",
  "value" : {
    "date" : "04/22/23",
    "value" : 66.05320930480957,
    "error" : 8.01181697845459
  }
},{
  "dateTime" : "04/23/23 00:00:00",
  "value" : {
    "date" : "04/23/23",
    "value" : 67.76931095123291,
    "error" : 7.176009178161621
  }
},{
  "dateTime" : "04/24/23 00:00:00",
  "value" : {
    "date" : "04/24/23",
    "value" : 67.11926174163818,
    "error" : 6.9142560958862305
  }
},{
  "dateTime" : "04/25/23 00:00:00",
  "value" : {
    "date" : "04/25/23",
    "value" : 67.26891040802002,
    "error" : 6.829058647155762
  }
},{
  "dateTime" : "04/26/23 00:00:00",
  "value" : {
    "date" : null,
    "value" : 0.0,
    "error" : 0.0
  }
},{
  "dateTime" : "04/27/23 00:00:00",
  "value" : {
    "date" : "04/27/23",
    "value" : 67.35834217071533,
    "error" : 7.120070457458496
  }
},{
  "dateTime" : "04/28/23 00:00:00",
  "value" : {
    "date" : "04/28/23",
    "value" : 69.4835786819458,
    "error" : 6.896182060241699
  }
},{
  "dateTime" : "04/29/23 00:00:00",
  "value" : {
    "date" : "04/29/23",
    "value" : 71.79003810882568,
    "error" : 7.62236213684082
  }
},{
  "dateTime" : "04/30/23 00:00:00",
  "value" : {
    "date" : "04/30/23",
    "value" : 69.35354137420654,
    "error" : 7.055943489074707
  }
},{
  "dateTime" : "05/01/23 00:00:00",
  "value" : {
    "date" : null,
    "value" : 0.0,
    "error" : 0.0
  }
},{
  "dateTime" : "05/02/23 00:00:00",
  "value" : {
    "date" : null,
    "value" : 0.0,
    "error" : 0.0
  }
},{
  "dateTime" : "05/03/23 00:00:00",
  "value" : {
    "date" : "05/03/23",
    "value" : 69.96378803253174,
    "error" : 12.53683090209961
  }
},{
  "dateTime" : "05/04/23 00:00:00",
  "value" : {
    "date" : "05/04/23",
    "value" : 69.28970623016357,
    "error" : 8.36660099029541
  }
},{
  "dateTime" : "05/05/23 00:00:00",
  "value" : {
    "date" : "05/05/23",
    "value" : 69.15644931793213,
    "error" : 11.985517501831055
  }
},{
  "dateTime" : "05/06/23 00:00:00",
  "value" : {
    "date" : "05/06/23",
    "value" : 68.90837669372559,
    "error" : 8.239017486572266
  }
},{
  "dateTime" : "05/07/23 00:00:00",
  "value" : {
    "date" : "05/07/23",
    "value" : 69.34809589385986,
    "error" : 7.244575500488281
  }
},{
  "dateTime" : "05/08/23 00:00:00",
  "value" : {
    "date" : "05/08/23",
    "value" : 66.96691417694092,
    "error" : 6.936312675476074
  }
},{
  "dateTime" : "05/09/23 00:00:00",
  "value" : {
    "date" : "05/09/23",
    "value" : 67.59086036682129,
    "error" : 11.194005966186523
  }
},{
  "dateTime" : "05/10/23 00:00:00",
  "value" : {
    "date" : "05/10/23",
    "value" : 69.34812450408936,
    "error" : 8.048209190368652
  }
},{
  "dateTime" : "05/11/23 00:00:00",
  "value" : {
    "date" : "05/11/23",
    "value" : 67.96323776245117,
    "error" : 7.187064170837402
  }
},{
  "dateTime" : "05/12/23 00:00:00",
  "value" : {
    "date" : "05/12/23",
    "value" : 66.18716621398926,
    "error" : 6.917819023132324
  }
},{
  "dateTime" : "05/13/23 00:00:00",
  "value" : {
    "date" : "05/13/23",
    "value" : 66.63556671142578,
    "error" : 10.807461738586426
  }
},{
  "dateTime" : "05/14/23 00:00:00",
  "value" : {
    "date" : "05/14/23",
    "value" : 64.73746681213379,
    "error" : 12.399542808532715
  }
},{
  "dateTime" : "05/15/23 00:00:00",
  "value" : {
    "date" : "05/15/23",
    "value" : 63.022658348083496,
    "error" : 8.335224151611328
  }
},{
  "dateTime" : "05/16/23 00:00:00",
  "value" : {
    "date" : "05/16/23",
    "value" : 62.30584144592285,
    "error" : 7.273289680480957
  }
},{
  "dateTime" : "05/17/23 00:00:00",
  "value" : {
    "date" : "05/17/23",
    "value" : 64.02451705932617,
    "error" : 6.945517539978027
  }
},{
  "dateTime" : "05/18/23 00:00:00",
  "value" : {
    "date" : null,
    "value" : 0.0,
    "error" : 0.0
  }
},{
  "dateTime" : "05/19/23 00:00:00",
  "value" : {
    "date" : "05/19/23",
    "value" : 65.02657127380371,
    "error" : 7.155797958374023
  }
},{
  "dateTime" : "05/20/23 00:00:00",
  "value" : {
    "date" : "05/20/23",
    "value" : 65.5612678527832,
    "error" : 6.907733917236328
  }
},{
  "dateTime" : "05/21/23 00:00:00",
  "value" : {
    "date" : "05/21/23",
    "value" : 68.15002918243408,
    "error" : 10.364945411682129
  }
},{
  "dateTime" : "05/22/23 00:00:00",
  "value" : {
    "date" : "05/22/23",
    "value" : 66.04620170593262,
    "error" : 7.838021278381348
  }
},{
  "dateTime" : "05/23/23 00:00:00",
  "value" : {
    "date" : "05/23/23",
    "value" : 64.58819484710693,
    "error" : 7.122830390930176
  }
},{
  "dateTime" : "05/24/23 00:00:00",
  "value" : {
    "date" : "05/24/23",
    "value" : 63.23360347747803,
    "error" : 6.8970746994018555
  }
},{
  "dateTime" : "05/25/23 00:00:00",
  "value" : {
    "date" : "05/25/23",
    "value" : 63.498785972595215,
    "error" : 6.8234100341796875
  }
},{
  "dateTime" : "05/26/23 00:00:00",
  "value" : {
    "date" : "05/26/23",
    "value" : 64.16231727600098,
    "error" : 6.799114227294922
  }
},{
  "dateTime" : "05/27/23 00:00:00",
  "value" : {
    "date" : "05/27/23",
    "value" : 65.70241928100586,
    "error" : 10.282550811767578
  }
},{
  "dateTime" : "05/28/23 00:00:00",
  "value" : {
    "date" : null,
    "value" : 0.0,
    "error" : 0.0
  }
},{
  "dateTime" : "05/29/23 00:00:00",
  "value" : {
    "date" : "05/29/23",
    "value" : 66.45671558380127,
    "error" : 14.332297325134277
  }
},{
  "dateTime" : "05/30/23 00:00:00",
  "value" : {
    "date" : null,
    "value" : 0.0,
    "error" : 0.0
  }
},{
  "dateTime" : "05/31/23 00:00:00",
  "value" : {
    "date" : "05/31/23",
    "value" : 68.11544132232666,
    "error" : 18.26871395111084
  }
},{
  "dateTime" : "06/01/23 00:00:00",
  "value" : {
    "date" : "06/01/23",
    "value" : 67.73291301727295,
    "error" : 9.480814933776855
  }
},{
  "dateTime" : "06/02/23 00:00:00",
  "value" : {
    "date" : "06/02/23",
    "value" : 68.4113998413086,
    "error" : 12.913093566894531
  }
},{
  "dateTime" : "06/03/23 00:00:00",
  "value" : {
    "date" : "06/03/23",
    "value" : 69.31610107421875,
    "error" : 16.22296142578125
  }
},{
  "dateTime" : "06/04/23 00:00:00",
  "value" : {
    "date" : "06/04/23",
    "value" : 67.0117359161377,
    "error" : 15.834012985229492
  }
},{
  "dateTime" : "06/05/23 00:00:00",
  "value" : {
    "date" : "06/05/23",
    "value" : 65.22646427154541,
    "error" : 9.049901962280273
  }
},{
  "dateTime" : "06/06/23 00:00:00",
  "value" : {
    "date" : "06/06/23",
    "value" : 65.85020637512207,
    "error" : 12.532024383544922
  }
},{
  "dateTime" : "06/07/23 00:00:00",
  "value" : {
    "date" : "06/07/23",
    "value" : 63.54737854003906,
    "error" : 8.365507125854492
  }
},{
  "dateTime" : "06/08/23 00:00:00",
  "value" : {
    "date" : "06/08/23",
    "value" : 64.33898830413818,
    "error" : 12.44167709350586
  }
},{
  "dateTime" : "06/09/23 00:00:00",
  "value" : {
    "date" : "06/09/23",
    "value" : 66.60029983520508,
    "error" : 8.344881057739258
  }
},{
  "dateTime" : "06/10/23 00:00:00",
  "value" : {
    "date" : "06/10/23",
    "value" : 66.53836441040039,
    "error" : 11.968050956726074
  }
},{
  "dateTime" : "06/11/23 00:00:00",
  "value" : {
    "date" : "06/11/23",
    "value" : 64.53740406036377,
    "error" : 8.234906196594238
  }
},{
  "dateTime" : "06/12/23 00:00:00",
  "value" : {
    "date" : "06/12/23",
    "value" : 64.77409648895264,
    "error" : 7.243344306945801
  }
},{
  "dateTime" : "06/13/23 00:00:00",
  "value" : {
    "date" : "06/13/23",
    "value" : 65.42042064666748,
    "error" : 6.935916900634766
  }
},{
  "dateTime" : "06/14/23 00:00:00",
  "value" : {
    "date" : "06/14/23",
    "value" : 65.26653003692627,
    "error" : 6.836169242858887
  }
},{
  "dateTime" : "06/15/23 00:00:00",
  "value" : {
    "date" : "06/15/23",
    "value" : 65.17881393432617,
    "error" : 6.80333137512207
  }
},{
  "dateTime" : "06/16/23 00:00:00",
  "value" : {
    "date" : null,
    "value" : 0.0,
    "error" : 0.0
  }
},{
  "dateTime" : "06/17/23 00:00:00",
  "value" : {
    "date" : "06/17/23",
    "value" : 65.33002281188965,
    "error" : 11.530652046203613
  }
},{
  "dateTime" : "06/18/23 00:00:00",
  "value" : {
    "date" : "06/18/23",
    "value" : 63.35622215270996,
    "error" : 8.130498886108398
  }
},{
  "dateTime" : "06/19/23 00:00:00",
  "value" : {
    "date" : null,
    "value" : 0.0,
    "error" : 0.0
  }
},{
  "dateTime" : "06/20/23 00:00:00",
  "value" : {
    "date" : "06/20/23",
    "value" : 64.13096809387207,
    "error" : 13.101958274841309
  }
},{
  "dateTime" : "06/21/23 00:00:00",
  "value" : {
    "date" : null,
    "value" : 0.0,
    "error" : 0.0
  }
},{
  "dateTime" : "06/22/23 00:00:00",
  "value" : {
    "date" : "06/22/23",
    "value" : 65.84533309936523,
    "error" : 17.26930522918701
  }
},{
  "dateTime" : "06/23/23 00:00:00",
  "value" : {
    "date" : "06/23/23",
    "value" : 66.35341548919678,
    "error" : 18.682666778564453
  }
},{
  "dateTime" : "06/24/23 00:00:00",
  "value" : {
    "date" : "06/24/23",
    "value" : 63.32515621185303,
    "error" : 13.881573677062988
  }
},{
  "dateTime" : "06/25/23 00:00:00",
  "value" : {
    "date" : "06/25/23",
    "value" : 62.307841300964355,
    "error" : 8.660881042480469
  }
},{
  "dateTime" : "06/26/23 00:00:00",
  "value" : {
    "date" : "06/26/23",
    "value" : 63.57551097869873,
    "error" : 7.369102478027344
  }
},{
  "dateTime" : "06/27/23 00:00:00",
  "value" : {
    "date" : "06/27/23",
    "value" : 63.172245025634766,
    "error" : 6.976097106933594
  }
},{
  "dateTime" : "06/28/23 00:00:00",
  "value" : {
    "date" : "06/28/23",
    "value" : 63.87731170654297,
    "error" : 6.849330902099609
  }
},{
  "dateTime" : "06/29/23 00:00:00",
  "value" : {
    "date" : "06/29/23",
    "value" : 64.49475574493408,
    "error" : 11.047340393066406
  }
},{
  "dateTime" : "06/30/23 00:00:00",
  "value" : {
    "date" : "06/30/23",
    "value" : 64.17461585998535,
    "error" : 8.01181697845459
  }
},{
  "dateTime" : "07/01/23 00:00:00",
  "value" : {
    "date" : "07/01/23",
    "value" : 65.11218070983887,
    "error" : 7.176009178161621
  }
},{
  "dateTime" : "07/02/23 00:00:00",
  "value" : {
    "date" : "07/02/23",
    "value" : 65.81864738464355,
    "error" : 6.9142560958862305
  }
},{
  "dateTime" : "07/03/23 00:00:00",
  "value" : {
    "date" : "07/03/23",
    "value" : 66.30125141143799,
    "error" : 10.804532051086426
  }
},{
  "dateTime" : "07/04/23 00:00:00",
  "value" : {
    "date" : "07/04/23",
    "value" : 65.08585166931152,
    "error" : 7.950832366943359
  }
},{
  "dateTime" : "07/05/23 00:00:00",
  "value" : {
    "date" : "07/05/23",
    "value" : 62.91854476928711,
    "error" : 7.157421112060547
  }
},{
  "dateTime" : "07/06/23 00:00:00",
  "value" : {
    "date" : "07/06/23",
    "value" : 64.47259712219238,
    "error" : 10.553611755371094
  }
},{
  "dateTime" : "07/07/23 00:00:00",
  "value" : {
    "date" : "07/07/23",
    "value" : 62.386712074279785,
    "error" : 7.886823654174805
  }
},{
  "dateTime" : "07/08/23 00:00:00",
  "value" : {
    "date" : "07/08/23",
    "value" : 63.03710460662842,
    "error" : 11.785919189453125
  }
},{
  "dateTime" : "07/09/23 00:00:00",
  "value" : {
    "date" : "07/09/23",
    "value" : 63.45607089996338,
    "error" : 8.19176959991455
  }
},{
  "dateTime" : "07/10/23 00:00:00",
  "value" : {
    "date" : null,
    "value" : 0.0,
    "error" : 0.0
  }
},{
  "dateTime" : "07/11/23 00:00:00",
  "value" : {
    "date" : "07/11/23",
    "value" : 63.6437873840332,
    "error" : 7.520867347717285
  }
},{
  "dateTime" : "07/12/23 00:00:00",
  "value" : {
    "date" : "07/12/23",
    "value" : 64.26562023162842,
    "error" : 7.024115562438965
  }
},{
  "dateTime" : "07/13/23 00:00:00",
  "value" : {
    "date" : "07/13/23",
    "value" : 65.64044952392578,
    "error" : 6.8650102615356445
  }
},{
  "dateTime" : "07/14/23 00:00:00",
  "value" : {
    "date" : "07/14/23",
    "value" : 64.88037872314453,
    "error" : 6.8128509521484375
  }
},{
  "dateTime" : "07/15/23 00:00:00",
  "value" : {
    "date" : "07/15/23",
    "value" : 63.93333339691162,
    "error" : 6.795620918273926
  }
},{
  "dateTime" : "07/16/23 00:00:00",
  "value" : {
    "date" : "07/16/23",
    "value" : 63.900269508361816,
    "error" : 6.789916038513184
  }
},{
  "dateTime" : "07/17/23 00:00:00",
  "value" : {
    "date" : "07/17/23",
    "value" : 65.9258279800415,
    "error" : 6.78802490234375
  }
},{
  "dateTime" : "07/18/23 00:00:00",
  "value" : {
    "date" : null,
    "value" : 0.0,
    "error" : 0.0
  }
},{
  "dateTime" : "07/19/23 00:00:00",
  "value" : {
    "date" : null,
    "value" : 0.0,
    "error" : 0.0
  }
},{
  "dateTime" : "07/20/23 00:00:00",
  "value" : {
    "date" : null,
    "value" : 0.0,
    "error" : 0.0
  }
},{
  "dateTime" : "07/21/23 00:00:00",
  "value" : {
    "date" : null,
    "value" : 0.0,
    "error" : 0.0
  }
},{
  "dateTime" : "07/22/23 00:00:00",
  "value" : {
    "date" : null,
    "value" : 0.0,
    "error" : 0.0
  }
},{
  "dateTime" : "07/23/23 00:00:00",
  "value" : {
    "date" : null,
    "value" : 0.0,
    "error" : 0.0
  }
},{
  "dateTime" : "07/24/23 00:00:00",
  "value" : {
    "date" : null,
    "value" : 0.0,
    "error" : 0.0
  }
},{
  "dateTime" : "07/25/23 00:00:00",
  "value" : {
    "date" : "07/25/23",
    "value" : 66.63311386108398,
    "error" : 16.169172286987305
  }
},{
  "dateTime" : "07/26/23 00:00:00",
  "value" : {
    "date" : "07/26/23",
    "value" : 65.73730564117432,
    "error" : 9.112571716308594
  }
},{
  "dateTime" : "07/27/23 00:00:00",
  "value" : {
    "date" : "07/27/23",
    "value" : 66.09119129180908,
    "error" : 12.581860542297363
  }
},{
  "dateTime" : "07/28/23 00:00:00",
  "value" : {
    "date" : "07/28/23",
    "value" : 66.98110485076904,
    "error" : 16.00282573699951
  }
},{
  "dateTime" : "07/29/23 00:00:00",
  "value" : {
    "date" : null,
    "value" : 0.0,
    "error" : 0.0
  }
},{
  "dateTime" : "07/30/23 00:00:00",
  "value" : {
    "date" : null,
    "value" : 0.0,
    "error" : 0.0
  }
},{
  "dateTime" : "07/31/23 00:00:00",
  "value" : {
    "date" : null,
    "value" : 0.0,
    "error" : 0.0
  }
},{
  "dateTime" : "08/01/23 00:00:00",
  "value" : {
    "date" : null,
    "value" : 0.0,
    "error" : 0.0
  }
},{
  "dateTime" : "08/02/23 00:00:00",
  "value" : {
    "date" : null,
    "value" : 0.0,
    "error" : 0.0
  }
},{
  "dateTime" : "08/03/23 00:00:00",
  "value" : {
    "date" : null,
    "value" : 0.0,
    "error" : 0.0
  }
},{
  "dateTime" : "08/04/23 00:00:00",
  "value" : {
    "date" : null,
    "value" : 0.0,
    "error" : 0.0
  }
},{
  "dateTime" : "08/05/23 00:00:00",
  "value" : {
    "date" : null,
    "value" : 0.0,
    "error" : 0.0
  }
},{
  "dateTime" : "08/06/23 00:00:00",
  "value" : {
    "date" : null,
    "value" : 0.0,
    "error" : 0.0
  }
},{
  "dateTime" : "08/07/23 00:00:00",
  "value" : {
    "date" : null,
    "value" : 0.0,
    "error" : 0.0
  }
},{
  "dateTime" : "08/08/23 00:00:00",
  "value" : {
    "date" : null,
    "value" : 0.0,
    "error" : 0.0
  }
},{
  "dateTime" : "08/09/23 00:00:00",
  "value" : {
    "date" : null,
    "value" : 0.0,
    "error" : 0.0
  }
},{
  "dateTime" : "08/10/23 00:00:00",
  "value" : {
    "date" : null,
    "value" : 0.0,
    "error" : 0.0
  }
},{
  "dateTime" : "08/11/23 00:00:00",
  "value" : {
    "date" : null,
    "value" : 0.0,
    "error" : 0.0
  }
},{
  "dateTime" : "08/12/23 00:00:00",
  "value" : {
    "date" : null,
    "value" : 0.0,
    "error" : 0.0
  }
},{
  "dateTime" : "08/13/23 00:00:00",
  "value" : {
    "date" : null,
    "value" : 0.0,
    "error" : 0.0
  }
},{
  "dateTime" : "08/14/23 00:00:00",
  "value" : {
    "date" : null,
    "value" : 0.0,
    "error" : 0.0
  }
},{
  "dateTime" : "08/15/23 00:00:00",
  "value" : {
    "date" : null,
    "value" : 0.0,
    "error" : 0.0
  }
},{
  "dateTime" : "08/16/23 00:00:00",
  "value" : {
    "date" : null,
    "value" : 0.0,
    "error" : 0.0
  }
},{
  "dateTime" : "08/17/23 00:00:00",
  "value" : {
    "date" : null,
    "value" : 0.0,
    "error" : 0.0
  }
},{
  "dateTime" : "08/18/23 00:00:00",
  "value" : {
    "date" : null,
    "value" : 0.0,
    "error" : 0.0
  }
},{
  "dateTime" : "08/19/23 00:00:00",
  "value" : {
    "date" : null,
    "value" : 0.0,
    "error" : 0.0
  }
},{
  "dateTime" : "08/20/23 00:00:00",
  "value" : {
    "date" : null,
    "value" : 0.0,
    "error" : 0.0
  }
},{
  "dateTime" : "08/21/23 00:00:00",
  "value" : {
    "date" : null,
    "value" : 0.0,
    "error" : 0.0
  }
},{
  "dateTime" : "08/22/23 00:00:00",
  "value" : {
    "date" : null,
    "value" : 0.0,
    "error" : 0.0
  }
},{
  "dateTime" : "08/23/23 00:00:00",
  "value" : {
    "date" : null,
    "value" : 0.0,
    "error" : 0.0
  }
},{
  "dateTime" : "08/24/23 00:00:00",
  "value" : {
    "date" : null,
    "value" : 0.0,
    "error" : 0.0
  }
},{
  "dateTime" : "08/25/23 00:00:00",
  "value" : {
    "date" : null,
    "value" : 0.0,
    "error" : 0.0
  }
},{
  "dateTime" : "08/26/23 00:00:00",
  "value" : {
    "date" : null,
    "value" : 0.0,
    "error" : 0.0
  }
},{
  "dateTime" : "08/27/23 00:00:00",
  "value" : {
    "date" : null,
    "value" : 0.0,
    "error" : 0.0
  }
},{
  "dateTime" : "08/28/23 00:00:00",
  "value" : {
    "date" : null,
    "value" : 0.0,
    "error" : 0.0
  }
},{
  "dateTime" : "08/29/23 00:00:00",
  "value" : {
    "date" : null,
    "value" : 0.0,
    "error" : 0.0
  }
},{
  "dateTime" : "08/30/23 00:00:00",
  "value" : {
    "date" : null,
    "value" : 0.0,
    "error" : 0.0
  }
},{
  "dateTime" : "08/31/23 00:00:00",
  "value" : {
    "date" : null,
    "value" : 0.0,
    "error" : 0.0
  }
},{
  "dateTime" : "09/01/23 00:00:00",
  "value" : {
    "date" : null,
    "value" : 0.0,
    "error" : 0.0
  }
},{
  "dateTime" : "09/02/23 00:00:00",
  "value" : {
    "date" : null,
    "value" : 0.0,
    "error" : 0.0
  }
},{
  "dateTime" : "09/03/23 00:00:00",
  "value" : {
    "date" : null,
    "value" : 0.0,
    "error" : 0.0
  }
},{
  "dateTime" : "09/04/23 00:00:00",
  "value" : {
    "date" : null,
    "value" : 0.0,
    "error" : 0.0
  }
},{
  "dateTime" : "09/05/23 00:00:00",
  "value" : {
    "date" : null,
    "value" : 0.0,
    "error" : 0.0
  }
},{
  "dateTime" : "09/06/23 00:00:00",
  "value" : {
    "date" : null,
    "value" : 0.0,
    "error" : 0.0
  }
},{
  "dateTime" : "09/07/23 00:00:00",
  "value" : {
    "date" : null,
    "value" : 0.0,
    "error" : 0.0
  }
},{
  "dateTime" : "09/08/23 00:00:00",
  "value" : {
    "date" : null,
    "value" : 0.0,
    "error" : 0.0
  }
},{
  "dateTime" : "09/09/23 00:00:00",
  "value" : {
    "date" : null,
    "value" : 0.0,
    "error" : 0.0
  }
},{
  "dateTime" : "09/10/23 00:00:00",
  "value" : {
    "date" : null,
    "value" : 0.0,
    "error" : 0.0
  }
},{
  "dateTime" : "09/11/23 00:00:00",
  "value" : {
    "date" : null,
    "value" : 0.0,
    "error" : 0.0
  }
},{
  "dateTime" : "09/12/23 00:00:00",
  "value" : {
    "date" : null,
    "value" : 0.0,
    "error" : 0.0
  }
},{
  "dateTime" : "09/13/23 00:00:00",
  "value" : {
    "date" : null,
    "value" : 0.0,
    "error" : 0.0
  }
},{
  "dateTime" : "09/14/23 00:00:00",
  "value" : {
    "date" : null,
    "value" : 0.0,
    "error" : 0.0
  }
},{
  "dateTime" : "09/15/23 00:00:00",
  "value" : {
    "date" : null,
    "value" : 0.0,
    "error" : 0.0
  }
},{
  "dateTime" : "09/16/23 00:00:00",
  "value" : {
    "date" : null,
    "value" : 0.0,
    "error" : 0.0
  }
},{
  "dateTime" : "09/17/23 00:00:00",
  "value" : {
    "date" : null,
    "value" : 0.0,
    "error" : 0.0
  }
},{
  "dateTime" : "09/18/23 00:00:00",
  "value" : {
    "date" : null,
    "value" : 0.0,
    "error" : 0.0
  }
},{
  "dateTime" : "09/19/23 00:00:00",
  "value" : {
    "date" : null,
    "value" : 0.0,
    "error" : 0.0
  }
},{
  "dateTime" : "09/20/23 00:00:00",
  "value" : {
    "date" : null,
    "value" : 0.0,
    "error" : 0.0
  }
},{
  "dateTime" : "09/21/23 00:00:00",
  "value" : {
    "date" : null,
    "value" : 0.0,
    "error" : 0.0
  }
},{
  "dateTime" : "09/22/23 00:00:00",
  "value" : {
    "date" : null,
    "value" : 0.0,
    "error" : 0.0
  }
},{
  "dateTime" : "09/23/23 00:00:00",
  "value" : {
    "date" : null,
    "value" : 0.0,
    "error" : 0.0
  }
},{
  "dateTime" : "09/24/23 00:00:00",
  "value" : {
    "date" : null,
    "value" : 0.0,
    "error" : 0.0
  }
},{
  "dateTime" : "09/25/23 00:00:00",
  "value" : {
    "date" : null,
    "value" : 0.0,
    "error" : 0.0
  }
},{
  "dateTime" : "09/26/23 00:00:00",
  "value" : {
    "date" : null,
    "value" : 0.0,
    "error" : 0.0
  }
},{
  "dateTime" : "09/27/23 00:00:00",
  "value" : {
    "date" : null,
    "value" : 0.0,
    "error" : 0.0
  }
},{
  "dateTime" : "09/28/23 00:00:00",
  "value" : {
    "date" : null,
    "value" : 0.0,
    "error" : 0.0
  }
},{
  "dateTime" : "09/29/23 00:00:00",
  "value" : {
    "date" : null,
    "value" : 0.0,
    "error" : 0.0
  }
},{
  "dateTime" : "09/30/23 00:00:00",
  "value" : {
    "date" : null,
    "value" : 0.0,
    "error" : 0.0
  }
},{
  "dateTime" : "10/01/23 00:00:00",
  "value" : {
    "date" : null,
    "value" : 0.0,
    "error" : 0.0
  }
},{
  "dateTime" : "10/02/23 00:00:00",
  "value" : {
    "date" : null,
    "value" : 0.0,
    "error" : 0.0
  }
},{
  "dateTime" : "10/03/23 00:00:00",
  "value" : {
    "date" : null,
    "value" : 0.0,
    "error" : 0.0
  }
},{
  "dateTime" : "10/04/23 00:00:00",
  "value" : {
    "date" : null,
    "value" : 0.0,
    "error" : 0.0
  }
},{
  "dateTime" : "10/05/23 00:00:00",
  "value" : {
    "date" : null,
    "value" : 0.0,
    "error" : 0.0
  }
},{
  "dateTime" : "10/06/23 00:00:00",
  "value" : {
    "date" : null,
    "value" : 0.0,
    "error" : 0.0
  }
},{
  "dateTime" : "10/07/23 00:00:00",
  "value" : {
    "date" : null,
    "value" : 0.0,
    "error" : 0.0
  }
},{
  "dateTime" : "10/08/23 00:00:00",
  "value" : {
    "date" : null,
    "value" : 0.0,
    "error" : 0.0
  }
},{
  "dateTime" : "10/09/23 00:00:00",
  "value" : {
    "date" : null,
    "value" : 0.0,
    "error" : 0.0
  }
},{
  "dateTime" : "10/10/23 00:00:00",
  "value" : {
    "date" : null,
    "value" : 0.0,
    "error" : 0.0
  }
},{
  "dateTime" : "10/11/23 00:00:00",
  "value" : {
    "date" : null,
    "value" : 0.0,
    "error" : 0.0
  }
},{
  "dateTime" : "10/12/23 00:00:00",
  "value" : {
    "date" : null,
    "value" : 0.0,
    "error" : 0.0
  }
},{
  "dateTime" : "10/13/23 00:00:00",
  "value" : {
    "date" : null,
    "value" : 0.0,
    "error" : 0.0
  }
},{
  "dateTime" : "10/14/23 00:00:00",
  "value" : {
    "date" : null,
    "value" : 0.0,
    "error" : 0.0
  }
},{
  "dateTime" : "10/15/23 00:00:00",
  "value" : {
    "date" : null,
    "value" : 0.0,
    "error" : 0.0
  }
},{
  "dateTime" : "10/16/23 00:00:00",
  "value" : {
    "date" : null,
    "value" : 0.0,
    "error" : 0.0
  }
},{
  "dateTime" : "10/17/23 00:00:00",
  "value" : {
    "date" : null,
    "value" : 0.0,
    "error" : 0.0
  }
},{
  "dateTime" : "10/18/23 00:00:00",
  "value" : {
    "date" : null,
    "value" : 0.0,
    "error" : 0.0
  }
},{
  "dateTime" : "10/19/23 00:00:00",
  "value" : {
    "date" : null,
    "value" : 0.0,
    "error" : 0.0
  }
},{
  "dateTime" : "10/20/23 00:00:00",
  "value" : {
    "date" : null,
    "value" : 0.0,
    "error" : 0.0
  }
},{
  "dateTime" : "10/21/23 00:00:00",
  "value" : {
    "date" : null,
    "value" : 0.0,
    "error" : 0.0
  }
},{
  "dateTime" : "10/22/23 00:00:00",
  "value" : {
    "date" : null,
    "value" : 0.0,
    "error" : 0.0
  }
},{
  "dateTime" : "10/23/23 00:00:00",
  "value" : {
    "date" : null,
    "value" : 0.0,
    "error" : 0.0
  }
},{
  "dateTime" : "10/24/23 00:00:00",
  "value" : {
    "date" : null,
    "value" : 0.0,
    "error" : 0.0
  }
},{
  "dateTime" : "10/25/23 00:00:00",
  "value" : {
    "date" : null,
    "value" : 0.0,
    "error" : 0.0
  }
},{
  "dateTime" : "10/26/23 00:00:00",
  "value" : {
    "date" : null,
    "value" : 0.0,
    "error" : 0.0
  }
},{
  "dateTime" : "10/27/23 00:00:00",
  "value" : {
    "date" : null,
    "value" : 0.0,
    "error" : 0.0
  }
},{
  "dateTime" : "10/28/23 00:00:00",
  "value" : {
    "date" : null,
    "value" : 0.0,
    "error" : 0.0
  }
},{
  "dateTime" : "10/29/23 00:00:00",
  "value" : {
    "date" : null,
    "value" : 0.0,
    "error" : 0.0
  }
},{
  "dateTime" : "10/30/23 00:00:00",
  "value" : {
    "date" : null,
    "value" : 0.0,
    "error" : 0.0
  }
},{
  "dateTime" : "10/31/23 00:00:00",
  "value" : {
    "date" : null,
    "value" : 0.0,
    "error" : 0.0
  }
},{
  "dateTime" : "11/01/23 00:00:00",
  "value" : {
    "date" : null,
    "value" : 0.0,
    "error" : 0.0
  }
},{
  "dateTime" : "11/02/23 00:00:00",
  "value" : {
    "date" : null,
    "value" : 0.0,
    "error" : 0.0
  }
},{
  "dateTime" : "11/03/23 00:00:00",
  "value" : {
    "date" : null,
    "value" : 0.0,
    "error" : 0.0
  }
},{
  "dateTime" : "11/04/23 00:00:00",
  "value" : {
    "date" : null,
    "value" : 0.0,
    "error" : 0.0
  }
},{
  "dateTime" : "11/05/23 00:00:00",
  "value" : {
    "date" : null,
    "value" : 0.0,
    "error" : 0.0
  }
},{
  "dateTime" : "11/06/23 00:00:00",
  "value" : {
    "date" : null,
    "value" : 0.0,
    "error" : 0.0
  }
},{
  "dateTime" : "11/07/23 00:00:00",
  "value" : {
    "date" : null,
    "value" : 0.0,
    "error" : 0.0
  }
},{
  "dateTime" : "11/08/23 00:00:00",
  "value" : {
    "date" : null,
    "value" : 0.0,
    "error" : 0.0
  }
},{
  "dateTime" : "11/09/23 00:00:00",
  "value" : {
    "date" : null,
    "value" : 0.0,
    "error" : 0.0
  }
},{
  "dateTime" : "11/10/23 00:00:00",
  "value" : {
    "date" : null,
    "value" : 0.0,
    "error" : 0.0
  }
},{
  "dateTime" : "11/11/23 00:00:00",
  "value" : {
    "date" : null,
    "value" : 0.0,
    "error" : 0.0
  }
},{
  "dateTime" : "11/12/23 00:00:00",
  "value" : {
    "date" : null,
    "value" : 0.0,
    "error" : 0.0
  }
},{
  "dateTime" : "11/13/23 00:00:00",
  "value" : {
    "date" : null,
    "value" : 0.0,
    "error" : 0.0
  }
},{
  "dateTime" : "11/14/23 00:00:00",
  "value" : {
    "date" : null,
    "value" : 0.0,
    "error" : 0.0
  }
},{
  "dateTime" : "11/15/23 00:00:00",
  "value" : {
    "date" : null,
    "value" : 0.0,
    "error" : 0.0
  }
},{
  "dateTime" : "11/16/23 00:00:00",
  "value" : {
    "date" : null,
    "value" : 0.0,
    "error" : 0.0
  }
},{
  "dateTime" : "11/17/23 00:00:00",
  "value" : {
    "date" : null,
    "value" : 0.0,
    "error" : 0.0
  }
},{
  "dateTime" : "11/18/23 00:00:00",
  "value" : {
    "date" : null,
    "value" : 0.0,
    "error" : 0.0
  }
},{
  "dateTime" : "11/19/23 00:00:00",
  "value" : {
    "date" : null,
    "value" : 0.0,
    "error" : 0.0
  }
},{
  "dateTime" : "11/20/23 00:00:00",
  "value" : {
    "date" : null,
    "value" : 0.0,
    "error" : 0.0
  }
},{
  "dateTime" : "11/21/23 00:00:00",
  "value" : {
    "date" : null,
    "value" : 0.0,
    "error" : 0.0
  }
},{
  "dateTime" : "11/22/23 00:00:00",
  "value" : {
    "date" : null,
    "value" : 0.0,
    "error" : 0.0
  }
},{
  "dateTime" : "11/23/23 00:00:00",
  "value" : {
    "date" : null,
    "value" : 0.0,
    "error" : 0.0
  }
},{
  "dateTime" : "11/24/23 00:00:00",
  "value" : {
    "date" : null,
    "value" : 0.0,
    "error" : 0.0
  }
},{
  "dateTime" : "11/25/23 00:00:00",
  "value" : {
    "date" : null,
    "value" : 0.0,
    "error" : 0.0
  }
},{
  "dateTime" : "11/26/23 00:00:00",
  "value" : {
    "date" : null,
    "value" : 0.0,
    "error" : 0.0
  }
},{
  "dateTime" : "11/27/23 00:00:00",
  "value" : {
    "date" : null,
    "value" : 0.0,
    "error" : 0.0
  }
},{
  "dateTime" : "11/28/23 00:00:00",
  "value" : {
    "date" : null,
    "value" : 0.0,
    "error" : 0.0
  }
},{
  "dateTime" : "11/29/23 00:00:00",
  "value" : {
    "date" : null,
    "value" : 0.0,
    "error" : 0.0
  }
},{
  "dateTime" : "11/30/23 00:00:00",
  "value" : {
    "date" : null,
    "value" : 0.0,
    "error" : 0.0
  }
},{
  "dateTime" : "12/01/23 00:00:00",
  "value" : {
    "date" : null,
    "value" : 0.0,
    "error" : 0.0
  }
},{
  "dateTime" : "12/02/23 00:00:00",
  "value" : {
    "date" : null,
    "value" : 0.0,
    "error" : 0.0
  }
},{
  "dateTime" : "12/03/23 00:00:00",
  "value" : {
    "date" : null,
    "value" : 0.0,
    "error" : 0.0
  }
},{
  "dateTime" : "12/04/23 00:00:00",
  "value" : {
    "date" : null,
    "value" : 0.0,
    "error" : 0.0
  }
},{
  "dateTime" : "12/05/23 00:00:00",
  "value" : {
    "date" : null,
    "value" : 0.0,
    "error" : 0.0
  }
},{
  "dateTime" : "12/06/23 00:00:00",
  "value" : {
    "date" : null,
    "value" : 0.0,
    "error" : 0.0
  }
},{
  "dateTime" : "12/07/23 00:00:00",
  "value" : {
    "date" : null,
    "value" : 0.0,
    "error" : 0.0
  }
},{
  "dateTime" : "12/08/23 00:00:00",
  "value" : {
    "date" : null,
    "value" : 0.0,
    "error" : 0.0
  }
},{
  "dateTime" : "12/09/23 00:00:00",
  "value" : {
    "date" : null,
    "value" : 0.0,
    "error" : 0.0
  }
},{
  "dateTime" : "12/10/23 00:00:00",
  "value" : {
    "date" : null,
    "value" : 0.0,
    "error" : 0.0
  }
},{
  "dateTime" : "12/11/23 00:00:00",
  "value" : {
    "date" : null,
    "value" : 0.0,
    "error" : 0.0
  }
},{
  "dateTime" : "12/12/23 00:00:00",
  "value" : {
    "date" : null,
    "value" : 0.0,
    "error" : 0.0
  }
},{
  "dateTime" : "12/13/23 00:00:00",
  "value" : {
    "date" : null,
    "value" : 0.0,
    "error" : 0.0
  }
},{
  "dateTime" : "12/14/23 00:00:00",
  "value" : {
    "date" : null,
    "value" : 0.0,
    "error" : 0.0
  }
},{
  "dateTime" : "12/15/23 00:00:00",
  "value" : {
    "date" : null,
    "value" : 0.0,
    "error" : 0.0
  }
},{
  "dateTime" : "12/16/23 00:00:00",
  "value" : {
    "date" : null,
    "value" : 0.0,
    "error" : 0.0
  }
},{
  "dateTime" : "12/17/23 00:00:00",
  "value" : {
    "date" : null,
    "value" : 0.0,
    "error" : 0.0
  }
},{
  "dateTime" : "12/18/23 00:00:00",
  "value" : {
    "date" : null,
    "value" : 0.0,
    "error" : 0.0
  }
},{
  "dateTime" : "12/19/23 00:00:00",
  "value" : {
    "date" : null,
    "value" : 0.0,
    "error" : 0.0
  }
},{
  "dateTime" : "12/20/23 00:00:00",
  "value" : {
    "date" : null,
    "value" : 0.0,
    "error" : 0.0
  }
},{
  "dateTime" : "12/21/23 00:00:00",
  "value" : {
    "date" : null,
    "value" : 0.0,
    "error" : 0.0
  }
},{
  "dateTime" : "12/22/23 00:00:00",
  "value" : {
    "date" : null,
    "value" : 0.0,
    "error" : 0.0
  }
},{
  "dateTime" : "12/23/23 00:00:00",
  "value" : {
    "date" : null,
    "value" : 0.0,
    "error" : 0.0
  }
}]