[{
  "dateTime" : "01/18/23 00:00:00",
  "value" : "424"
},{
  "dateTime" : "01/19/23 00:00:00",
  "value" : "697"
},{
  "dateTime" : "01/20/23 00:00:00",
  "value" : "343"
},{
  "dateTime" : "01/21/23 00:00:00",
  "value" : "371"
},{
  "dateTime" : "01/22/23 00:00:00",
  "value" : "434"
},{
  "dateTime" : "01/23/23 00:00:00",
  "value" : "495"
},{
  "dateTime" : "01/24/23 00:00:00",
  "value" : "937"
},{
  "dateTime" : "01/25/23 00:00:00",
  "value" : "976"
},{
  "dateTime" : "01/26/23 00:00:00",
  "value" : "668"
},{
  "dateTime" : "01/27/23 00:00:00",
  "value" : "1440"
},{
  "dateTime" : "01/28/23 00:00:00",
  "value" : "897"
},{
  "dateTime" : "01/29/23 00:00:00",
  "value" : "586"
},{
  "dateTime" : "01/30/23 00:00:00",
  "value" : "602"
},{
  "dateTime" : "01/31/23 00:00:00",
  "value" : "1427"
},{
  "dateTime" : "02/01/23 00:00:00",
  "value" : "430"
},{
  "dateTime" : "02/02/23 00:00:00",
  "value" : "940"
},{
  "dateTime" : "02/03/23 00:00:00",
  "value" : "218"
},{
  "dateTime" : "02/04/23 00:00:00",
  "value" : "762"
},{
  "dateTime" : "02/05/23 00:00:00",
  "value" : "506"
},{
  "dateTime" : "02/06/23 00:00:00",
  "value" : "460"
},{
  "dateTime" : "02/07/23 00:00:00",
  "value" : "885"
},{
  "dateTime" : "02/08/23 00:00:00",
  "value" : "772"
},{
  "dateTime" : "02/09/23 00:00:00",
  "value" : "1279"
},{
  "dateTime" : "02/10/23 00:00:00",
  "value" : "484"
},{
  "dateTime" : "02/11/23 00:00:00",
  "value" : "276"
},{
  "dateTime" : "02/12/23 00:00:00",
  "value" : "582"
},{
  "dateTime" : "02/13/23 00:00:00",
  "value" : "509"
},{
  "dateTime" : "02/14/23 00:00:00",
  "value" : "739"
},{
  "dateTime" : "02/15/23 00:00:00",
  "value" : "440"
},{
  "dateTime" : "02/16/23 00:00:00",
  "value" : "367"
}]