[{
  "dateTime" : "11/19/22 00:00:00",
  "value" : "708"
},{
  "dateTime" : "11/20/22 00:00:00",
  "value" : "495"
},{
  "dateTime" : "11/21/22 00:00:00",
  "value" : "413"
},{
  "dateTime" : "11/22/22 00:00:00",
  "value" : "430"
},{
  "dateTime" : "11/23/22 00:00:00",
  "value" : "564"
},{
  "dateTime" : "11/24/22 00:00:00",
  "value" : "959"
},{
  "dateTime" : "11/25/22 00:00:00",
  "value" : "1092"
},{
  "dateTime" : "11/26/22 00:00:00",
  "value" : "561"
},{
  "dateTime" : "11/27/22 00:00:00",
  "value" : "800"
},{
  "dateTime" : "11/28/22 00:00:00",
  "value" : "519"
},{
  "dateTime" : "11/29/22 00:00:00",
  "value" : "894"
},{
  "dateTime" : "11/30/22 00:00:00",
  "value" : "492"
},{
  "dateTime" : "12/01/22 00:00:00",
  "value" : "814"
},{
  "dateTime" : "12/02/22 00:00:00",
  "value" : "970"
},{
  "dateTime" : "12/03/22 00:00:00",
  "value" : "1173"
},{
  "dateTime" : "12/04/22 00:00:00",
  "value" : "1440"
},{
  "dateTime" : "12/05/22 00:00:00",
  "value" : "1042"
},{
  "dateTime" : "12/06/22 00:00:00",
  "value" : "962"
},{
  "dateTime" : "12/07/22 00:00:00",
  "value" : "990"
},{
  "dateTime" : "12/08/22 00:00:00",
  "value" : "542"
},{
  "dateTime" : "12/09/22 00:00:00",
  "value" : "926"
},{
  "dateTime" : "12/10/22 00:00:00",
  "value" : "1440"
},{
  "dateTime" : "12/11/22 00:00:00",
  "value" : "992"
},{
  "dateTime" : "12/12/22 00:00:00",
  "value" : "872"
},{
  "dateTime" : "12/13/22 00:00:00",
  "value" : "780"
},{
  "dateTime" : "12/14/22 00:00:00",
  "value" : "508"
},{
  "dateTime" : "12/15/22 00:00:00",
  "value" : "390"
},{
  "dateTime" : "12/16/22 00:00:00",
  "value" : "429"
},{
  "dateTime" : "12/17/22 00:00:00",
  "value" : "471"
},{
  "dateTime" : "12/18/22 00:00:00",
  "value" : "920"
}]