[{
  "dateTime" : "12/19/22 00:00:00",
  "value" : "1381"
},{
  "dateTime" : "12/20/22 00:00:00",
  "value" : "717"
},{
  "dateTime" : "12/21/22 00:00:00",
  "value" : "389"
},{
  "dateTime" : "12/22/22 00:00:00",
  "value" : "426"
},{
  "dateTime" : "12/23/22 00:00:00",
  "value" : "489"
},{
  "dateTime" : "12/24/22 00:00:00",
  "value" : "871"
},{
  "dateTime" : "12/25/22 00:00:00",
  "value" : "355"
},{
  "dateTime" : "12/26/22 00:00:00",
  "value" : "431"
},{
  "dateTime" : "12/27/22 00:00:00",
  "value" : "1412"
},{
  "dateTime" : "12/28/22 00:00:00",
  "value" : "667"
},{
  "dateTime" : "12/29/22 00:00:00",
  "value" : "456"
},{
  "dateTime" : "12/30/22 00:00:00",
  "value" : "509"
},{
  "dateTime" : "12/31/22 00:00:00",
  "value" : "576"
},{
  "dateTime" : "01/01/23 00:00:00",
  "value" : "639"
},{
  "dateTime" : "01/02/23 00:00:00",
  "value" : "484"
},{
  "dateTime" : "01/03/23 00:00:00",
  "value" : "660"
},{
  "dateTime" : "01/04/23 00:00:00",
  "value" : "836"
},{
  "dateTime" : "01/05/23 00:00:00",
  "value" : "520"
},{
  "dateTime" : "01/06/23 00:00:00",
  "value" : "522"
},{
  "dateTime" : "01/07/23 00:00:00",
  "value" : "470"
},{
  "dateTime" : "01/08/23 00:00:00",
  "value" : "422"
},{
  "dateTime" : "01/09/23 00:00:00",
  "value" : "442"
},{
  "dateTime" : "01/10/23 00:00:00",
  "value" : "634"
},{
  "dateTime" : "01/11/23 00:00:00",
  "value" : "927"
},{
  "dateTime" : "01/12/23 00:00:00",
  "value" : "589"
},{
  "dateTime" : "01/13/23 00:00:00",
  "value" : "347"
},{
  "dateTime" : "01/14/23 00:00:00",
  "value" : "299"
},{
  "dateTime" : "01/15/23 00:00:00",
  "value" : "396"
},{
  "dateTime" : "01/16/23 00:00:00",
  "value" : "399"
},{
  "dateTime" : "01/17/23 00:00:00",
  "value" : "799"
}]