[{
  "dateTime" : "06/17/23 00:00:00",
  "value" : "1353"
},{
  "dateTime" : "06/18/23 00:00:00",
  "value" : "917"
},{
  "dateTime" : "06/19/23 00:00:00",
  "value" : "1430"
},{
  "dateTime" : "06/20/23 00:00:00",
  "value" : "1321"
},{
  "dateTime" : "06/21/23 00:00:00",
  "value" : "1432"
},{
  "dateTime" : "06/22/23 00:00:00",
  "value" : "724"
},{
  "dateTime" : "06/23/23 00:00:00",
  "value" : "1289"
},{
  "dateTime" : "06/24/23 00:00:00",
  "value" : "545"
},{
  "dateTime" : "06/25/23 00:00:00",
  "value" : "756"
},{
  "dateTime" : "06/26/23 00:00:00",
  "value" : "413"
},{
  "dateTime" : "06/27/23 00:00:00",
  "value" : "431"
},{
  "dateTime" : "06/28/23 00:00:00",
  "value" : "909"
},{
  "dateTime" : "06/29/23 00:00:00",
  "value" : "924"
},{
  "dateTime" : "06/30/23 00:00:00",
  "value" : "435"
},{
  "dateTime" : "07/01/23 00:00:00",
  "value" : "445"
},{
  "dateTime" : "07/02/23 00:00:00",
  "value" : "815"
},{
  "dateTime" : "07/03/23 00:00:00",
  "value" : "1240"
},{
  "dateTime" : "07/04/23 00:00:00",
  "value" : "638"
},{
  "dateTime" : "07/05/23 00:00:00",
  "value" : "667"
},{
  "dateTime" : "07/06/23 00:00:00",
  "value" : "959"
},{
  "dateTime" : "07/07/23 00:00:00",
  "value" : "888"
},{
  "dateTime" : "07/08/23 00:00:00",
  "value" : "993"
},{
  "dateTime" : "07/09/23 00:00:00",
  "value" : "796"
},{
  "dateTime" : "07/10/23 00:00:00",
  "value" : "1242"
},{
  "dateTime" : "07/11/23 00:00:00",
  "value" : "691"
},{
  "dateTime" : "07/12/23 00:00:00",
  "value" : "776"
},{
  "dateTime" : "07/13/23 00:00:00",
  "value" : "824"
},{
  "dateTime" : "07/14/23 00:00:00",
  "value" : "779"
},{
  "dateTime" : "07/15/23 00:00:00",
  "value" : "364"
},{
  "dateTime" : "07/16/23 00:00:00",
  "value" : "592"
}]