[{
  "dateTime" : "02/22/22 00:00:00",
  "value" : "451"
},{
  "dateTime" : "02/23/22 00:00:00",
  "value" : "821"
},{
  "dateTime" : "02/24/22 00:00:00",
  "value" : "378"
},{
  "dateTime" : "02/25/22 00:00:00",
  "value" : "728"
},{
  "dateTime" : "02/26/22 00:00:00",
  "value" : "538"
},{
  "dateTime" : "02/27/22 00:00:00",
  "value" : "777"
},{
  "dateTime" : "02/28/22 00:00:00",
  "value" : "748"
},{
  "dateTime" : "03/01/22 00:00:00",
  "value" : "879"
},{
  "dateTime" : "03/02/22 00:00:00",
  "value" : "872"
},{
  "dateTime" : "03/03/22 00:00:00",
  "value" : "376"
},{
  "dateTime" : "03/04/22 00:00:00",
  "value" : "631"
},{
  "dateTime" : "03/05/22 00:00:00",
  "value" : "542"
},{
  "dateTime" : "03/06/22 00:00:00",
  "value" : "784"
},{
  "dateTime" : "03/07/22 00:00:00",
  "value" : "773"
},{
  "dateTime" : "03/08/22 00:00:00",
  "value" : "950"
},{
  "dateTime" : "03/09/22 00:00:00",
  "value" : "587"
},{
  "dateTime" : "03/10/22 00:00:00",
  "value" : "667"
},{
  "dateTime" : "03/11/22 00:00:00",
  "value" : "559"
},{
  "dateTime" : "03/12/22 00:00:00",
  "value" : "424"
},{
  "dateTime" : "03/13/22 00:00:00",
  "value" : "531"
},{
  "dateTime" : "03/14/22 00:00:00",
  "value" : "518"
},{
  "dateTime" : "03/15/22 00:00:00",
  "value" : "645"
},{
  "dateTime" : "03/16/22 00:00:00",
  "value" : "710"
},{
  "dateTime" : "03/17/22 00:00:00",
  "value" : "688"
},{
  "dateTime" : "03/18/22 00:00:00",
  "value" : "587"
},{
  "dateTime" : "03/19/22 00:00:00",
  "value" : "576"
},{
  "dateTime" : "03/20/22 00:00:00",
  "value" : "550"
},{
  "dateTime" : "03/21/22 00:00:00",
  "value" : "849"
},{
  "dateTime" : "03/22/22 00:00:00",
  "value" : "853"
},{
  "dateTime" : "03/23/22 00:00:00",
  "value" : "815"
}]