[{
  "dateTime" : "05/18/23 00:00:00",
  "value" : "1440"
},{
  "dateTime" : "05/19/23 00:00:00",
  "value" : "755"
},{
  "dateTime" : "05/20/23 00:00:00",
  "value" : "489"
},{
  "dateTime" : "05/21/23 00:00:00",
  "value" : "847"
},{
  "dateTime" : "05/22/23 00:00:00",
  "value" : "901"
},{
  "dateTime" : "05/23/23 00:00:00",
  "value" : "777"
},{
  "dateTime" : "05/24/23 00:00:00",
  "value" : "661"
},{
  "dateTime" : "05/25/23 00:00:00",
  "value" : "916"
},{
  "dateTime" : "05/26/23 00:00:00",
  "value" : "791"
},{
  "dateTime" : "05/27/23 00:00:00",
  "value" : "909"
},{
  "dateTime" : "05/28/23 00:00:00",
  "value" : "1440"
},{
  "dateTime" : "05/29/23 00:00:00",
  "value" : "1297"
},{
  "dateTime" : "05/30/23 00:00:00",
  "value" : "1440"
},{
  "dateTime" : "05/31/23 00:00:00",
  "value" : "886"
},{
  "dateTime" : "06/01/23 00:00:00",
  "value" : "662"
},{
  "dateTime" : "06/02/23 00:00:00",
  "value" : "1433"
},{
  "dateTime" : "06/03/23 00:00:00",
  "value" : "956"
},{
  "dateTime" : "06/04/23 00:00:00",
  "value" : "760"
},{
  "dateTime" : "06/05/23 00:00:00",
  "value" : "790"
},{
  "dateTime" : "06/06/23 00:00:00",
  "value" : "1224"
},{
  "dateTime" : "06/07/23 00:00:00",
  "value" : "776"
},{
  "dateTime" : "06/08/23 00:00:00",
  "value" : "1261"
},{
  "dateTime" : "06/09/23 00:00:00",
  "value" : "950"
},{
  "dateTime" : "06/10/23 00:00:00",
  "value" : "1122"
},{
  "dateTime" : "06/11/23 00:00:00",
  "value" : "503"
},{
  "dateTime" : "06/12/23 00:00:00",
  "value" : "784"
},{
  "dateTime" : "06/13/23 00:00:00",
  "value" : "825"
},{
  "dateTime" : "06/14/23 00:00:00",
  "value" : "878"
},{
  "dateTime" : "06/15/23 00:00:00",
  "value" : "715"
},{
  "dateTime" : "06/16/23 00:00:00",
  "value" : "1078"
}]