[{
  "dateTime" : "05/23/22 00:00:00",
  "value" : "769"
},{
  "dateTime" : "05/24/22 00:00:00",
  "value" : "985"
},{
  "dateTime" : "05/25/22 00:00:00",
  "value" : "822"
},{
  "dateTime" : "05/26/22 00:00:00",
  "value" : "726"
},{
  "dateTime" : "05/27/22 00:00:00",
  "value" : "415"
},{
  "dateTime" : "05/28/22 00:00:00",
  "value" : "572"
},{
  "dateTime" : "05/29/22 00:00:00",
  "value" : "646"
},{
  "dateTime" : "05/30/22 00:00:00",
  "value" : "813"
},{
  "dateTime" : "05/31/22 00:00:00",
  "value" : "1177"
},{
  "dateTime" : "06/01/22 00:00:00",
  "value" : "893"
},{
  "dateTime" : "06/02/22 00:00:00",
  "value" : "698"
},{
  "dateTime" : "06/03/22 00:00:00",
  "value" : "576"
},{
  "dateTime" : "06/04/22 00:00:00",
  "value" : "428"
},{
  "dateTime" : "06/05/22 00:00:00",
  "value" : "1241"
},{
  "dateTime" : "06/06/22 00:00:00",
  "value" : "666"
},{
  "dateTime" : "06/07/22 00:00:00",
  "value" : "875"
},{
  "dateTime" : "06/08/22 00:00:00",
  "value" : "649"
},{
  "dateTime" : "06/09/22 00:00:00",
  "value" : "691"
},{
  "dateTime" : "06/10/22 00:00:00",
  "value" : "873"
},{
  "dateTime" : "06/11/22 00:00:00",
  "value" : "496"
},{
  "dateTime" : "06/12/22 00:00:00",
  "value" : "697"
},{
  "dateTime" : "06/13/22 00:00:00",
  "value" : "745"
},{
  "dateTime" : "06/14/22 00:00:00",
  "value" : "715"
},{
  "dateTime" : "06/15/22 00:00:00",
  "value" : "631"
},{
  "dateTime" : "06/16/22 00:00:00",
  "value" : "789"
},{
  "dateTime" : "06/17/22 00:00:00",
  "value" : "737"
},{
  "dateTime" : "06/18/22 00:00:00",
  "value" : "745"
},{
  "dateTime" : "06/19/22 00:00:00",
  "value" : "639"
},{
  "dateTime" : "06/20/22 00:00:00",
  "value" : "1306"
},{
  "dateTime" : "06/21/22 00:00:00",
  "value" : "568"
}]