[{
  "dateTime" : "03/24/22 00:00:00",
  "value" : "878"
},{
  "dateTime" : "03/25/22 00:00:00",
  "value" : "829"
},{
  "dateTime" : "03/26/22 00:00:00",
  "value" : "865"
},{
  "dateTime" : "03/27/22 00:00:00",
  "value" : "758"
},{
  "dateTime" : "03/28/22 00:00:00",
  "value" : "810"
},{
  "dateTime" : "03/29/22 00:00:00",
  "value" : "741"
},{
  "dateTime" : "03/30/22 00:00:00",
  "value" : "914"
},{
  "dateTime" : "03/31/22 00:00:00",
  "value" : "789"
},{
  "dateTime" : "04/01/22 00:00:00",
  "value" : "774"
},{
  "dateTime" : "04/02/22 00:00:00",
  "value" : "369"
},{
  "dateTime" : "04/03/22 00:00:00",
  "value" : "791"
},{
  "dateTime" : "04/04/22 00:00:00",
  "value" : "719"
},{
  "dateTime" : "04/05/22 00:00:00",
  "value" : "627"
},{
  "dateTime" : "04/06/22 00:00:00",
  "value" : "763"
},{
  "dateTime" : "04/07/22 00:00:00",
  "value" : "676"
},{
  "dateTime" : "04/08/22 00:00:00",
  "value" : "558"
},{
  "dateTime" : "04/09/22 00:00:00",
  "value" : "381"
},{
  "dateTime" : "04/10/22 00:00:00",
  "value" : "777"
},{
  "dateTime" : "04/11/22 00:00:00",
  "value" : "853"
},{
  "dateTime" : "04/12/22 00:00:00",
  "value" : "739"
},{
  "dateTime" : "04/13/22 00:00:00",
  "value" : "771"
},{
  "dateTime" : "04/14/22 00:00:00",
  "value" : "631"
},{
  "dateTime" : "04/15/22 00:00:00",
  "value" : "150"
},{
  "dateTime" : "04/16/22 00:00:00",
  "value" : "322"
},{
  "dateTime" : "04/17/22 00:00:00",
  "value" : "681"
},{
  "dateTime" : "04/18/22 00:00:00",
  "value" : "854"
},{
  "dateTime" : "04/19/22 00:00:00",
  "value" : "745"
},{
  "dateTime" : "04/20/22 00:00:00",
  "value" : "820"
},{
  "dateTime" : "04/21/22 00:00:00",
  "value" : "768"
},{
  "dateTime" : "04/22/22 00:00:00",
  "value" : "746"
}]