[{
  "dateTime" : "04/18/23 00:00:00",
  "value" : "893"
},{
  "dateTime" : "04/19/23 00:00:00",
  "value" : "718"
},{
  "dateTime" : "04/20/23 00:00:00",
  "value" : "851"
},{
  "dateTime" : "04/21/23 00:00:00",
  "value" : "1064"
},{
  "dateTime" : "04/22/23 00:00:00",
  "value" : "363"
},{
  "dateTime" : "04/23/23 00:00:00",
  "value" : "551"
},{
  "dateTime" : "04/24/23 00:00:00",
  "value" : "810"
},{
  "dateTime" : "04/25/23 00:00:00",
  "value" : "676"
},{
  "dateTime" : "04/26/23 00:00:00",
  "value" : "1428"
},{
  "dateTime" : "04/27/23 00:00:00",
  "value" : "829"
},{
  "dateTime" : "04/28/23 00:00:00",
  "value" : "825"
},{
  "dateTime" : "04/29/23 00:00:00",
  "value" : "460"
},{
  "dateTime" : "04/30/23 00:00:00",
  "value" : "850"
},{
  "dateTime" : "05/01/23 00:00:00",
  "value" : "1440"
},{
  "dateTime" : "05/02/23 00:00:00",
  "value" : "1440"
},{
  "dateTime" : "05/03/23 00:00:00",
  "value" : "1392"
},{
  "dateTime" : "05/04/23 00:00:00",
  "value" : "768"
},{
  "dateTime" : "05/05/23 00:00:00",
  "value" : "1156"
},{
  "dateTime" : "05/06/23 00:00:00",
  "value" : "381"
},{
  "dateTime" : "05/07/23 00:00:00",
  "value" : "500"
},{
  "dateTime" : "05/08/23 00:00:00",
  "value" : "968"
},{
  "dateTime" : "05/09/23 00:00:00",
  "value" : "1155"
},{
  "dateTime" : "05/10/23 00:00:00",
  "value" : "787"
},{
  "dateTime" : "05/11/23 00:00:00",
  "value" : "847"
},{
  "dateTime" : "05/12/23 00:00:00",
  "value" : "840"
},{
  "dateTime" : "05/13/23 00:00:00",
  "value" : "939"
},{
  "dateTime" : "05/14/23 00:00:00",
  "value" : "739"
},{
  "dateTime" : "05/15/23 00:00:00",
  "value" : "820"
},{
  "dateTime" : "05/16/23 00:00:00",
  "value" : "748"
},{
  "dateTime" : "05/17/23 00:00:00",
  "value" : "734"
}]