[{
  "dateTime" : "07/22/22 00:00:00",
  "value" : "1440"
},{
  "dateTime" : "07/23/22 00:00:00",
  "value" : "1006"
},{
  "dateTime" : "07/24/22 00:00:00",
  "value" : "787"
},{
  "dateTime" : "07/25/22 00:00:00",
  "value" : "800"
},{
  "dateTime" : "07/26/22 00:00:00",
  "value" : "707"
},{
  "dateTime" : "07/27/22 00:00:00",
  "value" : "1164"
},{
  "dateTime" : "07/28/22 00:00:00",
  "value" : "859"
},{
  "dateTime" : "07/29/22 00:00:00",
  "value" : "1062"
},{
  "dateTime" : "07/30/22 00:00:00",
  "value" : "1034"
},{
  "dateTime" : "07/31/22 00:00:00",
  "value" : "626"
},{
  "dateTime" : "08/01/22 00:00:00",
  "value" : "656"
},{
  "dateTime" : "08/02/22 00:00:00",
  "value" : "1440"
},{
  "dateTime" : "08/03/22 00:00:00",
  "value" : "1440"
},{
  "dateTime" : "08/04/22 00:00:00",
  "value" : "1289"
},{
  "dateTime" : "08/05/22 00:00:00",
  "value" : "1138"
},{
  "dateTime" : "08/06/22 00:00:00",
  "value" : "930"
},{
  "dateTime" : "08/07/22 00:00:00",
  "value" : "543"
},{
  "dateTime" : "08/08/22 00:00:00",
  "value" : "1438"
},{
  "dateTime" : "08/09/22 00:00:00",
  "value" : "1440"
},{
  "dateTime" : "08/10/22 00:00:00",
  "value" : "1440"
},{
  "dateTime" : "08/11/22 00:00:00",
  "value" : "1440"
},{
  "dateTime" : "08/12/22 00:00:00",
  "value" : "1440"
},{
  "dateTime" : "08/13/22 00:00:00",
  "value" : "1440"
},{
  "dateTime" : "08/14/22 00:00:00",
  "value" : "1440"
},{
  "dateTime" : "08/15/22 00:00:00",
  "value" : "1440"
},{
  "dateTime" : "08/16/22 00:00:00",
  "value" : "1417"
},{
  "dateTime" : "08/17/22 00:00:00",
  "value" : "1440"
},{
  "dateTime" : "08/18/22 00:00:00",
  "value" : "1440"
},{
  "dateTime" : "08/19/22 00:00:00",
  "value" : "1440"
},{
  "dateTime" : "08/20/22 00:00:00",
  "value" : "1440"
}]