[{
  "dateTime" : "04/23/22 00:00:00",
  "value" : "437"
},{
  "dateTime" : "04/24/22 00:00:00",
  "value" : "717"
},{
  "dateTime" : "04/25/22 00:00:00",
  "value" : "752"
},{
  "dateTime" : "04/26/22 00:00:00",
  "value" : "926"
},{
  "dateTime" : "04/27/22 00:00:00",
  "value" : "764"
},{
  "dateTime" : "04/28/22 00:00:00",
  "value" : "630"
},{
  "dateTime" : "04/29/22 00:00:00",
  "value" : "742"
},{
  "dateTime" : "04/30/22 00:00:00",
  "value" : "682"
},{
  "dateTime" : "05/01/22 00:00:00",
  "value" : "538"
},{
  "dateTime" : "05/02/22 00:00:00",
  "value" : "523"
},{
  "dateTime" : "05/03/22 00:00:00",
  "value" : "1127"
},{
  "dateTime" : "05/04/22 00:00:00",
  "value" : "787"
},{
  "dateTime" : "05/05/22 00:00:00",
  "value" : "685"
},{
  "dateTime" : "05/06/22 00:00:00",
  "value" : "636"
},{
  "dateTime" : "05/07/22 00:00:00",
  "value" : "403"
},{
  "dateTime" : "05/08/22 00:00:00",
  "value" : "1106"
},{
  "dateTime" : "05/09/22 00:00:00",
  "value" : "1149"
},{
  "dateTime" : "05/10/22 00:00:00",
  "value" : "815"
},{
  "dateTime" : "05/11/22 00:00:00",
  "value" : "758"
},{
  "dateTime" : "05/12/22 00:00:00",
  "value" : "790"
},{
  "dateTime" : "05/13/22 00:00:00",
  "value" : "755"
},{
  "dateTime" : "05/14/22 00:00:00",
  "value" : "539"
},{
  "dateTime" : "05/15/22 00:00:00",
  "value" : "1410"
},{
  "dateTime" : "05/16/22 00:00:00",
  "value" : "635"
},{
  "dateTime" : "05/17/22 00:00:00",
  "value" : "798"
},{
  "dateTime" : "05/18/22 00:00:00",
  "value" : "746"
},{
  "dateTime" : "05/19/22 00:00:00",
  "value" : "719"
},{
  "dateTime" : "05/20/22 00:00:00",
  "value" : "548"
},{
  "dateTime" : "05/21/22 00:00:00",
  "value" : "449"
},{
  "dateTime" : "05/22/22 00:00:00",
  "value" : "731"
}]