[{
  "dateTime" : "02/17/23 00:00:00",
  "value" : "1358"
},{
  "dateTime" : "02/18/23 00:00:00",
  "value" : "680"
},{
  "dateTime" : "02/19/23 00:00:00",
  "value" : "485"
},{
  "dateTime" : "02/20/23 00:00:00",
  "value" : "511"
},{
  "dateTime" : "02/21/23 00:00:00",
  "value" : "539"
},{
  "dateTime" : "02/22/23 00:00:00",
  "value" : "644"
},{
  "dateTime" : "02/23/23 00:00:00",
  "value" : "426"
},{
  "dateTime" : "02/24/23 00:00:00",
  "value" : "457"
},{
  "dateTime" : "02/25/23 00:00:00",
  "value" : "971"
},{
  "dateTime" : "02/26/23 00:00:00",
  "value" : "415"
},{
  "dateTime" : "02/27/23 00:00:00",
  "value" : "641"
},{
  "dateTime" : "02/28/23 00:00:00",
  "value" : "314"
},{
  "dateTime" : "03/01/23 00:00:00",
  "value" : "626"
},{
  "dateTime" : "03/02/23 00:00:00",
  "value" : "705"
},{
  "dateTime" : "03/03/23 00:00:00",
  "value" : "751"
},{
  "dateTime" : "03/04/23 00:00:00",
  "value" : "822"
},{
  "dateTime" : "03/05/23 00:00:00",
  "value" : "704"
},{
  "dateTime" : "03/06/23 00:00:00",
  "value" : "568"
},{
  "dateTime" : "03/07/23 00:00:00",
  "value" : "376"
},{
  "dateTime" : "03/08/23 00:00:00",
  "value" : "803"
},{
  "dateTime" : "03/09/23 00:00:00",
  "value" : "836"
},{
  "dateTime" : "03/10/23 00:00:00",
  "value" : "804"
},{
  "dateTime" : "03/11/23 00:00:00",
  "value" : "584"
},{
  "dateTime" : "03/12/23 00:00:00",
  "value" : "616"
},{
  "dateTime" : "03/13/23 00:00:00",
  "value" : "701"
},{
  "dateTime" : "03/14/23 00:00:00",
  "value" : "496"
},{
  "dateTime" : "03/15/23 00:00:00",
  "value" : "561"
},{
  "dateTime" : "03/16/23 00:00:00",
  "value" : "826"
},{
  "dateTime" : "03/17/23 00:00:00",
  "value" : "704"
},{
  "dateTime" : "03/18/23 00:00:00",
  "value" : "437"
}]