[{
  "dateTime" : "06/22/22 00:00:00",
  "value" : "663"
},{
  "dateTime" : "06/23/22 00:00:00",
  "value" : "776"
},{
  "dateTime" : "06/24/22 00:00:00",
  "value" : "612"
},{
  "dateTime" : "06/25/22 00:00:00",
  "value" : "465"
},{
  "dateTime" : "06/26/22 00:00:00",
  "value" : "711"
},{
  "dateTime" : "06/27/22 00:00:00",
  "value" : "425"
},{
  "dateTime" : "06/28/22 00:00:00",
  "value" : "753"
},{
  "dateTime" : "06/29/22 00:00:00",
  "value" : "916"
},{
  "dateTime" : "06/30/22 00:00:00",
  "value" : "1409"
},{
  "dateTime" : "07/01/22 00:00:00",
  "value" : "1440"
},{
  "dateTime" : "07/02/22 00:00:00",
  "value" : "1440"
},{
  "dateTime" : "07/03/22 00:00:00",
  "value" : "1440"
},{
  "dateTime" : "07/04/22 00:00:00",
  "value" : "1440"
},{
  "dateTime" : "07/05/22 00:00:00",
  "value" : "1440"
},{
  "dateTime" : "07/06/22 00:00:00",
  "value" : "1347"
},{
  "dateTime" : "07/07/22 00:00:00",
  "value" : "430"
},{
  "dateTime" : "07/08/22 00:00:00",
  "value" : "581"
},{
  "dateTime" : "07/09/22 00:00:00",
  "value" : "630"
},{
  "dateTime" : "07/10/22 00:00:00",
  "value" : "1187"
},{
  "dateTime" : "07/11/22 00:00:00",
  "value" : "912"
},{
  "dateTime" : "07/12/22 00:00:00",
  "value" : "685"
},{
  "dateTime" : "07/13/22 00:00:00",
  "value" : "625"
},{
  "dateTime" : "07/14/22 00:00:00",
  "value" : "634"
},{
  "dateTime" : "07/15/22 00:00:00",
  "value" : "659"
},{
  "dateTime" : "07/16/22 00:00:00",
  "value" : "957"
},{
  "dateTime" : "07/17/22 00:00:00",
  "value" : "835"
},{
  "dateTime" : "07/18/22 00:00:00",
  "value" : "713"
},{
  "dateTime" : "07/19/22 00:00:00",
  "value" : "1440"
},{
  "dateTime" : "07/20/22 00:00:00",
  "value" : "650"
},{
  "dateTime" : "07/21/22 00:00:00",
  "value" : "911"
}]