[{
  "dateTime" : "12/24/21 00:00:00",
  "value" : "1440"
},{
  "dateTime" : "12/25/21 00:00:00",
  "value" : "1180"
},{
  "dateTime" : "12/26/21 00:00:00",
  "value" : "649"
},{
  "dateTime" : "12/27/21 00:00:00",
  "value" : "544"
},{
  "dateTime" : "12/28/21 00:00:00",
  "value" : "474"
},{
  "dateTime" : "12/29/21 00:00:00",
  "value" : "663"
},{
  "dateTime" : "12/30/21 00:00:00",
  "value" : "591"
},{
  "dateTime" : "12/31/21 00:00:00",
  "value" : "280"
},{
  "dateTime" : "01/01/22 00:00:00",
  "value" : "806"
},{
  "dateTime" : "01/02/22 00:00:00",
  "value" : "619"
},{
  "dateTime" : "01/03/22 00:00:00",
  "value" : "865"
},{
  "dateTime" : "01/04/22 00:00:00",
  "value" : "732"
},{
  "dateTime" : "01/05/22 00:00:00",
  "value" : "436"
},{
  "dateTime" : "01/06/22 00:00:00",
  "value" : "382"
},{
  "dateTime" : "01/07/22 00:00:00",
  "value" : "682"
},{
  "dateTime" : "01/08/22 00:00:00",
  "value" : "372"
},{
  "dateTime" : "01/09/22 00:00:00",
  "value" : "617"
},{
  "dateTime" : "01/10/22 00:00:00",
  "value" : "634"
},{
  "dateTime" : "01/11/22 00:00:00",
  "value" : "566"
},{
  "dateTime" : "01/12/22 00:00:00",
  "value" : "967"
},{
  "dateTime" : "01/13/22 00:00:00",
  "value" : "499"
},{
  "dateTime" : "01/14/22 00:00:00",
  "value" : "793"
},{
  "dateTime" : "01/15/22 00:00:00",
  "value" : "467"
},{
  "dateTime" : "01/16/22 00:00:00",
  "value" : "727"
},{
  "dateTime" : "01/17/22 00:00:00",
  "value" : "978"
},{
  "dateTime" : "01/18/22 00:00:00",
  "value" : "522"
},{
  "dateTime" : "01/19/22 00:00:00",
  "value" : "720"
},{
  "dateTime" : "01/20/22 00:00:00",
  "value" : "501"
},{
  "dateTime" : "01/21/22 00:00:00",
  "value" : "758"
},{
  "dateTime" : "01/22/22 00:00:00",
  "value" : "389"
}]