[{
  "dateTime" : "03/19/23 00:00:00",
  "value" : "617"
},{
  "dateTime" : "03/20/23 00:00:00",
  "value" : "809"
},{
  "dateTime" : "03/21/23 00:00:00",
  "value" : "682"
},{
  "dateTime" : "03/22/23 00:00:00",
  "value" : "867"
},{
  "dateTime" : "03/23/23 00:00:00",
  "value" : "1133"
},{
  "dateTime" : "03/24/23 00:00:00",
  "value" : "786"
},{
  "dateTime" : "03/25/23 00:00:00",
  "value" : "728"
},{
  "dateTime" : "03/26/23 00:00:00",
  "value" : "445"
},{
  "dateTime" : "03/27/23 00:00:00",
  "value" : "832"
},{
  "dateTime" : "03/28/23 00:00:00",
  "value" : "667"
},{
  "dateTime" : "03/29/23 00:00:00",
  "value" : "851"
},{
  "dateTime" : "03/30/23 00:00:00",
  "value" : "799"
},{
  "dateTime" : "03/31/23 00:00:00",
  "value" : "682"
},{
  "dateTime" : "04/01/23 00:00:00",
  "value" : "502"
},{
  "dateTime" : "04/02/23 00:00:00",
  "value" : "1189"
},{
  "dateTime" : "04/03/23 00:00:00",
  "value" : "853"
},{
  "dateTime" : "04/04/23 00:00:00",
  "value" : "1174"
},{
  "dateTime" : "04/05/23 00:00:00",
  "value" : "814"
},{
  "dateTime" : "04/06/23 00:00:00",
  "value" : "1184"
},{
  "dateTime" : "04/07/23 00:00:00",
  "value" : "903"
},{
  "dateTime" : "04/08/23 00:00:00",
  "value" : "419"
},{
  "dateTime" : "04/09/23 00:00:00",
  "value" : "379"
},{
  "dateTime" : "04/10/23 00:00:00",
  "value" : "1195"
},{
  "dateTime" : "04/11/23 00:00:00",
  "value" : "550"
},{
  "dateTime" : "04/12/23 00:00:00",
  "value" : "758"
},{
  "dateTime" : "04/13/23 00:00:00",
  "value" : "892"
},{
  "dateTime" : "04/14/23 00:00:00",
  "value" : "763"
},{
  "dateTime" : "04/15/23 00:00:00",
  "value" : "312"
},{
  "dateTime" : "04/16/23 00:00:00",
  "value" : "1338"
},{
  "dateTime" : "04/17/23 00:00:00",
  "value" : "690"
}]