[{
  "dateTime" : "01/23/22 00:00:00",
  "value" : "412"
},{
  "dateTime" : "01/24/22 00:00:00",
  "value" : "471"
},{
  "dateTime" : "01/25/22 00:00:00",
  "value" : "612"
},{
  "dateTime" : "01/26/22 00:00:00",
  "value" : "547"
},{
  "dateTime" : "01/27/22 00:00:00",
  "value" : "421"
},{
  "dateTime" : "01/28/22 00:00:00",
  "value" : "575"
},{
  "dateTime" : "01/29/22 00:00:00",
  "value" : "683"
},{
  "dateTime" : "01/30/22 00:00:00",
  "value" : "664"
},{
  "dateTime" : "01/31/22 00:00:00",
  "value" : "432"
},{
  "dateTime" : "02/01/22 00:00:00",
  "value" : "215"
},{
  "dateTime" : "02/02/22 00:00:00",
  "value" : "710"
},{
  "dateTime" : "02/03/22 00:00:00",
  "value" : "853"
},{
  "dateTime" : "02/04/22 00:00:00",
  "value" : "623"
},{
  "dateTime" : "02/05/22 00:00:00",
  "value" : "226"
},{
  "dateTime" : "02/06/22 00:00:00",
  "value" : "614"
},{
  "dateTime" : "02/07/22 00:00:00",
  "value" : "519"
},{
  "dateTime" : "02/08/22 00:00:00",
  "value" : "546"
},{
  "dateTime" : "02/09/22 00:00:00",
  "value" : "513"
},{
  "dateTime" : "02/10/22 00:00:00",
  "value" : "555"
},{
  "dateTime" : "02/11/22 00:00:00",
  "value" : "695"
},{
  "dateTime" : "02/12/22 00:00:00",
  "value" : "417"
},{
  "dateTime" : "02/13/22 00:00:00",
  "value" : "665"
},{
  "dateTime" : "02/14/22 00:00:00",
  "value" : "655"
},{
  "dateTime" : "02/15/22 00:00:00",
  "value" : "831"
},{
  "dateTime" : "02/16/22 00:00:00",
  "value" : "410"
},{
  "dateTime" : "02/17/22 00:00:00",
  "value" : "686"
},{
  "dateTime" : "02/18/22 00:00:00",
  "value" : "458"
},{
  "dateTime" : "02/19/22 00:00:00",
  "value" : "543"
},{
  "dateTime" : "02/20/22 00:00:00",
  "value" : "668"
},{
  "dateTime" : "02/21/22 00:00:00",
  "value" : "854"
}]